<IfModule mod_rewrite.c>
    <IfModule mod_negotiation.c>
        Options -MultiViews -Indexes
    </IfModule>

    RewriteEngine On

    # Handle Authorization Header
    RewriteCond %{HTTP:Authorization} .
    RewriteRule .* - [E=HTTP_AUTHORIZATION:%{HTTP:Authorization}]

    # Redirect Trailing Slashes If Not A Folder...
    RewriteCond %{REQUEST_FILENAME} !-d
    RewriteCond %{REQUEST_URI} (.+)/$
    RewriteRule ^ %1 [L,R=301]

    # Send Requests To Front Controller...
    RewriteCond %{REQUEST_FILENAME} !-d
    RewriteCond %{REQUEST_FILENAME} !-f
    RewriteRule ^ index.php


    Redirect 301 /phonetography-5-trucos-tomar-fotos-profesionales-desde-cel/ https://hablandoclaro.pe/compromiso/gente-claro/phonetography-5-trucos-para-tomar-fotos-profesionales-desde-tu-cel
    Redirect 301 /amor-tiempos-innovacion/ https://hablandoclaro.pe/entretenimiento/el-amor-en-tiempos-de-innovacion
    Redirect 301 /ponle-play-esta-historia/ https://hablandoclaro.pe/entretenimiento/ponle-play-a-esta-historia
    Redirect 301 /sxsw-festival-peliculas-medios-interactivos-musica/ https://hablandoclaro.pe/entretenimiento/sxsw-el-festival-de-peliculas-medios-interactivos-y-musica
    Redirect 301 /cuidar-bateria-mitos-verdades/ https://hablandoclaro.pe/entretenimiento/como-cuidar-la-bateria-de-tu-celular-mitos-y-verdades
    Redirect 301 /que-es-la-nube/ https://hablandoclaro.pe/abc-telecomunicaciones/que-es-la-nube
    Redirect 301 /recorrido-la-senal-llega-mensaje-whatsapp/ https://hablandoclaro.pe/innovacion/el-recorrido-de-la-senal-como-llega-un-mensaje-de-whatsapp
    Redirect 301 /terror-gamer-lag-reducirlo/ https://hablandoclaro.pe/entretenimiento/terror-de-gamer-que-es-el-lag-y-como-reducirlo
    Redirect 301 /los-trucos-hacker-protegerte-la-red/ https://hablandoclaro.pe/innovacion/los-trucos-de-un-hacker-para-protegerte-en-la-red
    Redirect 301 /recicla-celular-conectate-mundo/ https://hablandoclaro.pe/compromiso/recicla-tu-celular-y-conectate-con-el-planeta
    Redirect 301 /hogares-que-calientan/ https://hablandoclaro.pe/compromiso/casas-calientes
    Redirect 301 /se-utilizan-los-robots-hoy-dia/ https://hablandoclaro.pe/entretenimiento/para-que-se-utilizan-los-robots-hoy-en-dia
    Redirect 301 /anthuanette-nomberto-16-anos-jugando-claro/ https://hablandoclaro.pe/compromiso/anthuanette-nomberto-16-anos-con-la-camiseta-bien-puesta
    Redirect 301 /sed-de-ayuda/ https://hablandoclaro.pe/compromiso/sed-de-ayuda
    Redirect 301 /comprometidos-morrope-unasolafuerza-voluntarios-llegaron-lambayeque/ https://hablandoclaro.pe/compromiso/grupo-de-apoyo-de-la-fundacion-carlos-slim-llega-de-mexico-para-ayudar-en-la-rehabilitacion-de-piura-y-trujillo
    Redirect 301 /grupo-apoyo-la-fundacion-carlos-slim-llega-mexico-ayudar-la-rehabilitacion-piura-trujillo/ https://hablandoclaro.pe/compromiso/grupo-de-apoyo-de-la-fundacion-carlos-slim-llega-de-mexico-para-ayudar-en-la-rehabilitacion-de-piura-y-trujillo
    Redirect 301 /rave-of-thrones-juego-tronos-llego-peru/ https://hablandoclaro.pe/innovacion/rave-of-thrones-el-juego-de-tronos-llego-a-peru
    Redirect 301 /pasos-ligeros-cuidar-planeta-reduciendo-nuestra-huella-carbono/ https://hablandoclaro.pe/compromiso/pasos-ligeros-para-cuidar-el-planeta-reduciendo-nuestra-huella-de-carbono
    Redirect 301 /machine-learning-jesus-veliz/ https://hablandoclaro.pe/innovacion/machine-learning-el-siguiente-paso-a-la-eficiencia
    Redirect 301 /conectividad-satelital-latinoamerica/ https://hablandoclaro.pe/innovacion/conectividad-satelital-para-integrar-latinoamerica
    Redirect 301 /impulsando-la-inclusion-digital-mas-peruanos-proyecto-piloto-teleducacion-se-inaugura-coracora/ https://hablandoclaro.pe/compromiso/impulsando-la-inclusion-digital-de-mas-peruanos-proyecto-piloto-de-teleducacion-se-inaugura-en-coracora
    Redirect 301 /pasion-trabajo-disciplina-100-deportistas-100-profesionales/ https://hablandoclaro.pe/compromiso/pasion-trabajo-y-disciplina-100-deportistas-100-profesionales
    Redirect 301 /boom-las-telecomunicaciones-peru/ https://hablandoclaro.pe/innovacion/el-boom-de-las-telecomunicaciones-en-el-peru
    Redirect 301 /los-mensajes-debes-leer-cuando-conduces-no-estan-celular-manejar-chatear-no-va/ https://hablandoclaro.pe/compromiso/los-mensajes-que-debes-leer-cuando-conduces-no-estan-en-tu-celular-manejar-y-chatear-no-va
    Redirect 301 /transportate-a-una-real-idad-virtual/ https://hablandoclaro.pe/entretenimiento/transportate-a-una-real-idad-virtual
    Redirect 301 /rol-da-las-soluciones-moviles/ https://hablandoclaro.pe/negocios/el-rol-de-las-soluciones-moviles
    Redirect 301 /ciberseguridad-gran-reto-del-mundo-digital/ https://hablandoclaro.pe/negocios/ciberseguridad-el-gran-reto-del-mundo-digital
    Redirect 301 /dona-sangre-salva-una-vida/ https://hablandoclaro.pe/compromiso/dona-sangre-salva-una-vida
    Redirect 301 /impulsando-desarrollo-sostenible-del-pais/ https://hablandoclaro.pe/compromiso/impulsando-el-desarrollo-sostenible-del-pais
    Redirect 301 /la-fiesta-la-musica-esta-peru/ https://hablandoclaro.pe/entretenimiento/la-fiesta-de-la-musica-esta-en-el-peru
    Redirect 301 /ecommerce-peru-especialistas-hablan-crecimiento-del-comercio-electronico/ https://hablandoclaro.pe/negocios/ecommerce-peru-especialistas-hablan-sobre-el-crecimiento-del-comercio-electronico
    Redirect 301 /juntos-fuimos-unasolafuerza/ https://hablandoclaro.pe/compromiso/juntos-fuimos-unasolafuerza
    Redirect 301 /autonomia-resolucion-conectividad-smartphone-necesitas/ https://hablandoclaro.pe/entretenimiento/autonomia-resolucion-y-conectividad-el-smartphone-que-necesitas
    Redirect 301 /voluntarios-accion-juntos-carapongo/ https://hablandoclaro.pe/compromiso/voluntarios-en-accion-juntos-por-carapongo
    Redirect 301 /nosimportaperu-impulsando-una-cultura-preparacion-respuesta-ante-desastres-naturales/ https://hablandoclaro.pe/compromiso/nosimportaperu-impulsando-una-cultura-de-preparacion-y-respuesta-ante-desastres-naturales
    Redirect 301 /ransomware-chantaje-se-vuelve-digital/ https://hablandoclaro.pe/seguridad/ransomware-el-chantaje-se-vuelve-digital
    Redirect 301 /game-of-thrones-peru-asi-se-vivio-estreno-la-temporada-7-claro-tv/ https://hablandoclaro.pe/innovacion/game-of-thrones-en-peru-asi-se-vivio-el-estreno-de-la-temporada-7-con-claro-tv
    Redirect 301 /una-nueva-forma-vivir-los-conciertos-mejor-cobertura-estadio-nacional/ https://hablandoclaro.pe/innovacion/una-nueva-forma-de-vivir-los-conciertos-mejor-cobertura-en-el-estadio-nacional
    Redirect 301 /claro-quiere-vivir-experiencias-memorables-usuarios/ https://hablandoclaro.pe/compromiso/una-experiencia-memorable
    Redirect 301 /claro-pool/ https://hablandoclaro.pe/compromiso/habla-vas-claro-pool-rutas-de-integracion
    Redirect 301 /tecnologia-5-cosas-no-podiamos-10-anos/ https://hablandoclaro.pe/innovacion/tecnologia-5-cosas-que-no-podiamos-hacer-hace-10-anos
    Redirect 301 /internet-dedicado-impulsando-la-transformacion-digital-de-las-empresas/ https://hablandoclaro.pe/negocios/internet-dedicado-impulsando-la-transformacion-digital-de-las-empresas
    Redirect 301 /android-oreo-llega-novedades-e-importantes-mejoras/ https://hablandoclaro.pe/entretenimiento/siete-novedades-y-mejoras-importantes-de-android-oreo
    Redirect 301 /tipicos-errores-de-privacidad-en-redes-sociales-y-como-evitarlos/ https://hablandoclaro.pe/seguridad/tipicos-errores-de-privacidad-en-redes-sociales-y-como-evitarlos
    Redirect 301 /smart-home-interactuamos-hogar/ https://hablandoclaro.pe/innovacion/smart-home-como-interactuamos-con-el-hogar
    Redirect 301 /servicios-nube-negocios/ https://hablandoclaro.pe/negocios/servicios-en-la-nube-y-su-impacto-en-los-negocios
    Redirect 301 /ifa-2017/ https://hablandoclaro.pe/entretenimiento/lo-mejor-de-la-feria-tecnologica-de-berlin-ifa-2017
    Redirect 301 /seguridad-vial/ https://hablandoclaro.pe/compromiso/promoviendo-la-educacion-vial-en-el-peru
    Redirect 301 /esports-peru/ https://hablandoclaro.pe/entretenimiento/los-esports-en-peru
    Redirect 301 /viaja-conectado/ https://hablandoclaro.pe/innovacion/viaja-conectado-a-tus-lugares-favoritos
    Redirect 301 /claro-en-perumin-red-privada-lte-para-la-industria-minera/ https://hablandoclaro.pe/negocios/perumin-33-red-privada-lte-para-la-industria-minera
    Redirect 301 /reciclafest-lambayeque-2017-conservando-planeta/ https://hablandoclaro.pe/negocios/reciclafest-lambayeque-2017-conservando-nuestro-planeta
    Redirect 301 /crowdfunding-donaciones-la-digital/ https://hablandoclaro.pe/innovacion/crowdfunding-donaciones-en-la-era-digital
    Redirect 301 /protege-identidad-cuida-numero/ https://hablandoclaro.pe/innovacion/protege-tu-identidad-cuida-tu-numero
    Redirect 301 /volvimos-puno-proyecto-casa-caliente-limpia/ https://hablandoclaro.pe/compromiso/volvimos-a-puno-con-el-proyecto-casa-caliente-limpia
    Redirect 301 /software-todos-conoce-los-beneficios-del-software-libre/ https://hablandoclaro.pe/innovacion/software-para-todos-conoce-los-beneficios-del-software-libre
    Redirect 301 /phishing/ https://hablandoclaro.pe/seguridad/phishing-una-de-las-modalidades-de-estafa-mas-comunes-por-internet
    Redirect 301 /10-casos-los-terror-la-tecnologia/ https://hablandoclaro.pe/entretenimiento/10-casos-en-los-que-eres-el-terror-de-la-tecnologia
    Redirect 301 /business-plaza-las-pymes-la-digital/ https://hablandoclaro.pe/negocios/business-plaza-las-pymes-en-la-era-digital
    Redirect 301 /blockchain-comercio-electronico/ https://hablandoclaro.pe/innovacion/blockchain-i-la-evolucion-del-comercio-electronico
    Redirect 301 /iphone8-en-claro/ https://hablandoclaro.pe/entretenimiento/iphone8enclaro-asi-se-vivio-la-venta-nocturna-del-iphone-8-en-claro
    Redirect 301 /realidad-aumentada-realidad-virtual/ https://hablandoclaro.pe/entretenimiento/realidad-aumentada-o-realidad-virtual-te-explicamos-la-diferencia
    Redirect 301 /conectados-estadio-nacional/ https://hablandoclaro.pe/innovacion/comparte-tu-pasion-conectados-para-alentar-a-peru-en-el-estadio-nacional
    Redirect 301 /ces-2018-nvidia/ https://hablandoclaro.pe/entretenimiento/ces-2018-el-futuro-de-nvidia-esta-en-la-inteligencia-artificial
    Redirect 301 /una-nueva-forma-vivir-los-conciertos-mejor-cobertura-estadio-nacional/ https://hablandoclaro.pe/innovacion/una-nueva-forma-de-vivir-los-conciertos-la-mejor-cobertura-en-el-estadio-nacional
    Redirect 301 /cobertura-blanquirroja-hinchas-en-el-estadio-nacional-celebraron-la-clasificacion-de-peru-en-redes-sociales/ https://hablandoclaro.pe/innovacion/cobertura-blanquirroja-hinchas-en-el-estadio-nacional-celebraron-la-clasificacion-de-peru-en-redes-sociales
    Redirect 301 /suplantacion-de-identidad/ https://hablandoclaro.pe/seguridad/combatiendo-juntos-los-casos-de-suplantacion-de-identidad
    Redirect 301 /blackberry-vuelve-claro-asi-keyone-black-edition-teclado-fisico/ https://hablandoclaro.pe/entretenimiento/blackberry-vuelve-a-claro-asi-es-el-keyone-black-edition-con-teclado-fisico
    Redirect 301 /raee-arequipa/ https://hablandoclaro.pe/compromiso/arequipa-se-suma-al-reciclaje-de-raee
    Redirect 301 /recicla-2017-raee/ https://hablandoclaro.pe/compromiso/recicla-2017-reconocimiento-a-las-empresas-comprometidas-con-el-ambiente
    Redirect 301 /peru-conectado-cobertura-4g-claro-continua-expandiendose/ https://hablandoclaro.pe/innovacion/peru-conectado-cobertura-4g-de-claro-continua-expandiendose
    Redirect 301 /necesitas-renovar-equipo-4-senales-saber-tiempo-cambiar-celular/ https://hablandoclaro.pe/compromiso/necesitas-renovar-tu-equipo-4-senales-para-saber-que-es-tiempo-de-cambiar-de-celular
    Redirect 301 /no-netflix-5-servicios-streaming/ https://hablandoclaro.pe/entretenimiento/no-todo-es-netflix-5-servicios-de-streaming-para-no-aburrirte-nunca
    Redirect 301 /lima-smart-city/ https://hablandoclaro.pe/innovacion/3-claves-para-que-lima-se-convierta-en-una-smart-city
    Redirect 301 /chatbots-empresas/ https://hablandoclaro.pe/negocios/los-chatbots-como-parte-de-la-transformacion-digital-de-las-empresas
    Redirect 301 /ces-2018/ https://hablandoclaro.pe/innovacion/viviendo-las-vegas-ces-2018
    Redirect 301 /eficiencia-productividad-apps-mensajeria-instantanea-trabajo/ https://hablandoclaro.pe/negocios/eficiencia-y-productividad-apps-de-mensajeria-instantanea-en-el-trabajo
    Redirect 301 /inclusion-financiera-convergencia-al-desarrollo/ https://hablandoclaro.pe/negocios/inclusion-financiera-convergencia-al-desarrollo
    Redirect 301 /ces-unveiled-llegan-las-primicias-del-ces-2018/ https://hablandoclaro.pe/entretenimiento/ces-unveiled-llegan-las-primicias-del-ces-2018
    Redirect 301 /blizzard/ https://hablandoclaro.pe/entretenimiento/donde-se-hace-la-magia-un-paseo-por-las-oficinas-de-blizzard
    Redirect 301 /voice-control/ https://hablandoclaro.pe/entretenimiento/ces-2018-voice-control
    Redirect 301 /vr-ai-5g-la-nueva-apuesta-intel-ces-2018/ https://hablandoclaro.pe/entretenimiento/vr-ai-y-5g-la-nueva-apuesta-de-intel-en-el-ces-2018
    Redirect 301 /vehiculos-autonomos-en-el-ces-2018-no-hay-retroceso/ https://hablandoclaro.pe/entretenimiento/vehiculos-autonomos-en-el-ces-2018-no-hay-retroceso
    Redirect 301 /entrevista-rocio-sandoval-vocera-del-ces-2018-latinoamerica/ https://hablandoclaro.pe/entretenimiento/entrevista-a-rocio-sandoval-vocera-del-ces-2018-para-latinoamerica
    Redirect 301 /atencion-gamers-lo-ultimo-razer-ces-2018/ https://hablandoclaro.pe/entretenimiento/atencion-gamers-lo-ultimo-de-razer-en-el-ces-2018
    Redirect 301 /fitness-tech/ https://hablandoclaro.pe/entretenimiento/ces-2018-fitness-tech
    Redirect 301 /ces-2018-lenovo/ https://hablandoclaro.pe/entretenimiento/ces-2018-las-novedades-de-lenovo
    Redirect 301 /claro-club-mas-conectividad-y-beneficios-exclusivos/ https://hablandoclaro.pe/innovacion/claro-club-accede-a-beneficios-exclusivos
    Redirect 301 /tus-claro-puntos-latam-pass/ https://hablandoclaro.pe/innovacion/tus-claro-puntos-ahora-tambien-son-millas-latam-pass
    Redirect 301 /ces-sony-lg/ https://hablandoclaro.pe/entretenimiento/sony-y-lg-presentaron-sus-novedades-para-el-peru-en-el-ces-2018
    Redirect 301 /hey-google-renovado-asistente-de-voz-de-google-protagonista-en-el-ces-2018/ https://hablandoclaro.pe/entretenimiento/hey-google-renovado-asistente-de-voz-de-google-protagonista-en-el-ces-2018
    Redirect 301 /lo-bueno-lo-malo-del-ces-2018-las-vegas/ https://hablandoclaro.pe/entretenimiento/lo-bueno-y-lo-malo-del-ces-2018-en-las-vegas
    Redirect 301 /gadgets-y-apps-para-viajeros/ https://hablandoclaro.pe/entretenimiento/planeando-tu-proximo-viaje-toma-nota-de-estos-gadgets-y-apps-para-viajeros
    Redirect 301 /mwc2018/ https://hablandoclaro.pe/entretenimiento/mwc-2018-estas-son-las-novedades-que-trae-la-feria-de-moviles-en-barcelona
    Redirect 301 /codigo-imei-reporta-y-bloquea-tu-celular-robado/ https://hablandoclaro.pe/entretenimiento/codigo-imei-reporta-y-bloquea-tu-celular-robado
    Redirect 301 /tumbando-mitos-en-torno-a-las-antenas-de-telefonia/ https://hablandoclaro.pe/abc-telecomunicaciones/tumbando-mitos-en-torno-a-las-antenas-de-telefonia
    Redirect 301 /alcanza-los-limites-de-tu-imaginacion-con-realidad-mixta-de-que-se-trata/ https://hablandoclaro.pe/entretenimiento/alcanza-los-limites-de-tu-imaginacion-con-realidad-mixta-de-que-se-trata
    Redirect 301 /asistentes-de-voz-del-smartphone-al-smart-home/ https://hablandoclaro.pe/entretenimiento/asistentes-de-voz-del-smartphone-al-smart-home
    Redirect 301 /la-hora-del-planeta-apaga-las-luces-enciende-compromiso/ https://hablandoclaro.pe/compromiso/la-hora-del-planeta-apaga-las-luces-enciende-tu-compromiso
    Redirect 301 /semana-santa-activa-modo-viajero-estas-apps/ https://hablandoclaro.pe/entretenimiento/semana-santa-activa-tu-modo-viajero-con-estas-apps
    Redirect 301 /banda-ancha-la-conectividad-integral-desarrollo-social-la-region-lima/ https://hablandoclaro.pe/compromiso/banda-ancha-para-la-conectividad-integral-y-desarrollo-social-de-la-region-lima
    Redirect 301 /tecnologia-nos-une-apps-wearables-estar-mas-cerca-tus-hijos/ https://hablandoclaro.pe/entretenimiento/tecnologia-que-nos-une-apps-y-wearables-para-estar-mas-cerca-de-tus-hijos
    Redirect 301 /salud-digital-tecnologia-bienestar/ https://hablandoclaro.pe/entretenimiento/salud-digital-tecnologia-para-tu-bienestar
    Redirect 301 /reciclando-raee-dia-la-tierra/ https://hablandoclaro.pe/compromiso/reciclando-nuestros-raee-en-el-dia-de-la-tierra
    Redirect 301 /economia-circular-mediante-el-reciclaje-de-residuos-electronicos/ https://hablandoclaro.pe/compromiso/economia-circular-mediante-el-reciclaje-de-residuos-electronicos
    Redirect 301 /comprometidos-pais-peru-2021-reconocio-una-vez-mas-claro-distintivo-esr/ https://hablandoclaro.pe/compromiso/comprometidos-con-el-pais-peru-2021-reconocio-una-vez-mas-a-claro-con-el-distintivo-esr
    Redirect 301 /dia-del-trabajo-5-formas-la-tecnologia-ha-cambiado-nuestra-oficina/ https://hablandoclaro.pe/negocios/dia-del-trabajo-5-formas-en-que-la-tecnologia-ha-cambiado-nuestra-oficina
    Redirect 301 /yorecicloyosoyclaro-gestion-sostenible-del-reciclaje-de-aparatos-electricos-y-electronicos/ https://hablandoclaro.pe/compromiso/yo-reciclo-yo-soy-claro-gestion-sostenible-del-reciclaje-de-aparatos-electricos-y-electronicos
    Redirect 301 /google-io-estos-fueron-los-5-anuncios-mas-importantes-del-evento/ https://hablandoclaro.pe/innovacion/google-io-estos-fueron-los-5-anuncios-mas-importantes-del-evento
    Redirect 301 /mama-digital/ https://hablandoclaro.pe/innovacion/herramientas-para-una-mama-digital
    Redirect 301 /internet-society/ https://hablandoclaro.pe/compromiso/internet-society-los-grandes-retos-son-mantener-el-internet-libre-y-reducir-la-brecha-digital
    Redirect 301 /telecomunicaciones-peru-despliegue-infraestructura-las-barreras-burocraticas/ https://hablandoclaro.pe/innovacion/telecomunicaciones-en-el-peru-entre-el-despliegue-de-infraestructura-y-las-barreras-burocraticas
    Redirect 301 /pymes-peruanas-impulsaran-negocios-gracias-charla-facebook/ https://hablandoclaro.pe/negocios/pymes-peruanas-impulsaran-sus-negocios-gracias-a-charla-de-facebook
    Redirect 301 /la-democracia-digital-multiplica-las-oportunidades-desarrollo-todas-las-personas/ https://hablandoclaro.pe/compromiso/la-democracia-digital-multiplica-las-oportunidades-de-desarrollo-de-todas-las-personas
    Redirect 301 /historiasdeexito-reciclando-cambiar-vidas/ https://hablandoclaro.pe/compromiso/historiasdeexito-reciclando-para-cambiar-vidas
    Redirect 301 /hablatech-conversando-democracia-digital/ https://hablandoclaro.pe/compromiso/hablatech-conversando-sobre-democracia-digital
    Redirect 301 /conectados-una-pasion-hinchas-despidieron-la-seleccion-estadio-nacional/ https://hablandoclaro.pe/innovacion/conectados-por-una-pasion-hinchas-despidieron-a-la-seleccion-en-el-estadio-nacional
    Redirect 301 /iniciativas-que-fortalecen-una-democracia-digital/ https://hablandoclaro.pe/innovacion/iniciativas-que-fortalecen-una-democracia-digital
    Redirect 301 /e3-2018-la-fiesta-gamer-mas-importante-del-mundo/ https://hablandoclaro.pe/entretenimiento/e3-2018-la-fiesta-gamer-mas-importante-del-mundo
    Redirect 301 /aliados-medio-ambiente/ https://hablandoclaro.pe/compromiso/aliados-por-el-medio-ambiente
    Redirect 301 /claves-ciberseguridad-las-redes-sociales/ https://hablandoclaro.pe/seguridad/claves-de-ciberseguridad-en-las-redes-sociales
    Redirect 301 /mundial-la-tecnologia/ https://hablandoclaro.pe/innovacion/el-mundial-de-la-tecnologia
    Redirect 301 /pymes-trujillanas-recibieron-importantes-consejos-facebook/ https://hablandoclaro.pe/negocios/pymes-trujillanas-recibieron-importantes-consejos-de-facebook
    Redirect 301 /vida-gamer-te-falta-tiempo-para-jugar/ https://hablandoclaro.pe/entretenimiento/vida-gamer-te-falta-tiempo-para-jugar
    Redirect 301 /hackaton-electoral/ https://hablandoclaro.pe/compromiso/hackaton-electoral-para-un-voto-informado
    Redirect 301 /fake-news/ https://hablandoclaro.pe/seguridad/fake-news-una-amenaza-a-la-democracia-digital
    Redirect 301 /fitnesstech/ https://hablandoclaro.pe/entretenimiento/fitness-tech-estar-en-forma-es-mas-facil-con-estos-gadgets-y-apps
    Redirect 301 /conociendo-mas-del-lg-g7-thinq/ https://hablandoclaro.pe/entretenimiento/conociendo-mas-del-lg-g7-thinq
    Redirect 301 /cumbre-pyme-apec-2018-la-digitalizacion-marcara-la-agenda-de-los-emprendedores-peruanos/ https://hablandoclaro.pe/negocios/cumbre-pyme-apec-2018-la-digitalizacion-marcara-la-agenda-de-los-emprendedores-peruanos
    Redirect 301 /aprende-a-usar-el-modo-manual-de-la-camara-de-tu-smartphone/ https://hablandoclaro.pe/entretenimiento/aprende-a-usar-el-modo-manual-de-la-camara-de-tu-smartphone
    Redirect 301 /chulucanas-se-sumo-al-reciclaje-de-raee/ https://hablandoclaro.pe/compromiso/chulucanas-se-sumo-al-reciclaje-de-raee
    Redirect 301 /tus-hijos-pasan-mucho-tiempo-jugando-videojuegos/ https://hablandoclaro.pe/entretenimiento/tus-hijos-pasan-mucho-tiempo-jugando-videojuegos
    Redirect 301 /nosfaltastu-claro-se-une-nuevamente-a-la-teleton/ https://hablandoclaro.pe/compromiso/nosfaltastu-claro-se-une-nuevamente-a-la-teleton
    Redirect 301 /los-beneficios-de-la-tecnologia-en-la-educacion/ https://hablandoclaro.pe/compromiso/los-beneficios-de-la-tecnologia-en-la-educacion
    Redirect 301 /transformacion-digital-fortaleciendo-el-camino-hacia-el-desarrollo/ https://hablandoclaro.pe/compromiso/transformacion-digital-fortaleciendo-el-camino-hacia-el-desarrollo
    Redirect 301 /cinco-softwares-libres-que-debes-probar/ https://hablandoclaro.pe/innovacion/cinco-softwares-libres-que-debes-probar
    Redirect 301 /ciscoperu20anos-desafios-de-las-industrias-en-la-era-de-transformacion-digital/ https://hablandoclaro.pe/negocios/ciscoperu20anos-desafios-de-las-industrias-en-la-era-de-transformacion-digital
    Redirect 301 /abriguemos-a-puno/ https://hablandoclaro.pe/compromiso/abriguemos-a-puno
    Redirect 301 /expertos-debatieron-sobre-democracia-digital/ https://hablandoclaro.pe/compromiso/expertos-debatieron-sobre-democracia-digital
    Redirect 301 /5-herramientas-claves-para-la-transformacion-digital-de-las-empresas/ https://hablandoclaro.pe/negocios/5-herramientas-claves-para-la-transformacion-digital-de-las-empresas
    Redirect 301 /mobilegamer-no-hay-excusas-para-dejar-de-jugar/ https://hablandoclaro.pe/entretenimiento/mobilegamer-no-hay-excusas-para-dejar-de-jugar
    Redirect 301 /la-inteligencia-artificial-dominara-o-salvara-al-mundo/ https://hablandoclaro.pe/innovacion/la-inteligencia-artificial-dominara-o-salvara-al-mundo
    Redirect 301 /claro-y-google-se-unen-para-la-digitalizacion-de-tu-pyme/ https://hablandoclaro.pe/negocios/claro-y-google-se-unen-para-la-digitalizacion-de-tu-pyme
    Redirect 301 /en-sus-marcas-listos-a-correr-con-claro/ https://hablandoclaro.pe/compromiso/en-sus-marcas-listos-a-correr-con-claro
    Redirect 301 /iniciativas-de-innovacion-social-digital-en-el-peru/ https://hablandoclaro.pe/compromiso/iniciativas-de-innovacion-social-digital-en-el-peru
    Redirect 301 /reduciendo-nuestra-huella-de-carbono-por-un-claro-mas-verde/ https://hablandoclaro.pe/compromiso/reduciendo-nuestra-huella-de-carbono-por-un-claro-mas-verde
    Redirect 301 /los-videojuegos-que-daran-que-hablar-en-el-2019/ https://hablandoclaro.pe/entretenimiento/los-videojuegos-que-daran-que-hablar-en-el-2019
    Redirect 301 /cual-es-la-diferencia-entre-inteligencia-artificial-ia-machine-learning-y-deep-learning/ https://hablandoclaro.pe/innovacion/cual-es-la-diferencia-entre-inteligencia-artificial-ia-machine-learning-y-deep-learning
    Redirect 301 /realidad-virtual-a-la-conquista-de-los-videojuegos/ https://hablandoclaro.pe/entretenimiento/realidad-virtual-a-la-conquista-de-los-videojuegos
    Redirect 301 /retos-de-la-transformacion-digital-en-el-peru/ https://hablandoclaro.pe/innovacion/retos-de-la-transformacion-digital-en-el-peru
    Redirect 301 /beneficios-del-wi-fi-gestionado-para-tu-empresa/ https://hablandoclaro.pe/negocios/beneficios-del-wi-fi-gestionado-para-tu-empresa
    Redirect 301 /los-mejores-smartphones-del-2018-2/ https://hablandoclaro.pe/entretenimiento/los-mejores-smartphones-del-2018
    Redirect 301 /historiasdeexito-abrigando-un-sueno/ https://hablandoclaro.pe/compromiso/historiasdeexito-abrigando-un-sueno
    Redirect 301 /premiosperusmart2018-y-los-mejores-smartphones-de-este-ano-son/ https://hablandoclaro.pe/entretenimiento/premiosperusmart2018-y-los-mejores-smartphones-de-este-ano-son
    Redirect 301 /clarohablatech-cual-es-el-panorama-para-las-mujeres-en-la-industria-de-los-videojuegos/ https://hablandoclaro.pe/entretenimiento/clarohablatech-cual-es-el-panorama-para-las-mujeres-en-la-industria-de-los-videojuegos
    Redirect 301 /hablatech-proyeccion-de-la-industria-de-los-videojuegos-en-el-peru/ https://hablandoclaro.pe/entretenimiento/hablatech-proyeccion-de-la-industria-de-los-videojuegos-en-el-peru
    Redirect 301 /santiago-kegevic-de-riot-games-los-peruanos-han-demostrado-su-pasion-por-los-esports/ https://hablandoclaro.pe/entretenimiento/santiago-kegevic-de-riot-games-los-peruanos-han-demostrado-su-pasion-por-los-esports
    Redirect 301 /cisco-meraki-soluciones-empresariales-para-la-transformacion-digital/ https://hablandoclaro.pe/negocios/cisco-meraki-soluciones-empresariales-para-la-transformacion-digital
    Redirect 301 /asi-se-vive-la-navidad-en-la-era-digital/ https://hablandoclaro.pe/entretenimiento/asi-se-vive-la-navidad-en-la-era-digital
    Redirect 301 /videojuegosmoviles/ https://hablandoclaro.pe/entretenimiento/el-auge-de-los-videojuegos-moviles
    Redirect 301 /tu-viaje-de-ano-nuevo-lo-vives-mejor-conectado/ https://hablandoclaro.pe/innovacion/tu-viaje-de-ano-nuevo-lo-vives-mejor-conectado
    Redirect 301 /recicla-2018-reconociendo-el-compromiso-ambiental-de-las-empresas/ https://hablandoclaro.pe/compromiso/recicla-2018-reconociendo-el-compromiso-ambiental-de-las-empresas
    Redirect 301 /tendencias-tecnologicas-que-se-consolidaran-en-2019/ https://hablandoclaro.pe/negocios/tendencias-tecnologicas-que-se-consolidaran-en-2019
    Redirect 301 /ces-2019-lo-mas-esperado-de-la-feria-de-tecnologia/ https://hablandoclaro.pe/entretenimiento/ces-2019-lo-mas-esperado-de-la-feria-de-tecnologia
    Redirect 301 /cumple-tus-propositos-del-2019-con-ayuda-de-la-tecnologia/ https://hablandoclaro.pe/entretenimiento/cumple-tus-propositos-del-2019-con-ayuda-de-la-tecnologia
    Redirect 301 /lo-mejor-del-2018-en-hablando-claro/ https://hablandoclaro.pe/entretenimiento/lo-mejor-del-2018-en-hablando-claro
    Redirect 301 /que-puedes-hacer-si-pierdes-o-te-roban-tu-celular/ https://hablandoclaro.pe/seguridad/que-puedes-hacer-si-pierdes-o-te-roban-tu-celular
    Redirect 301 /cisco-y-claro-promoviendo-la-transformacion-digital-de-las-empresas/ https://hablandoclaro.pe/negocios/cisco-y-claro-promoviendo-la-transformacion-digital-de-las-empresas
    Redirect 301 /ces-2019-un-ano-mas-en-la-feria-tecnologica-mas-importante-del-mundo/ https://hablandoclaro.pe/entretenimiento/ces-2019-un-ano-mas-en-la-feria-tecnologica-mas-importante-del-mundo
    Redirect 301 /juntosporelplaneta-recicla-tu-celular-y-otros-residuos-electronicos/ https://hablandoclaro.pe/compromiso/juntosporelplaneta-recicla-tu-celular-y-otros-residuos-electronicos
    Redirect 301 /mwc-2019-smartphones-plegables-y-muchas-sorpresas-mas/ https://hablandoclaro.pe/entretenimiento/mwc-2019-smartphones-plegables-y-muchas-sorpresas-mas
    Redirect 301 /consejos-para-proteger-tu-smartphone-en-verano/ https://hablandoclaro.pe/entretenimiento/consejos-para-proteger-tu-smartphone-en-verano
    Redirect 301 /dia-de-san-valentin-herramientas-digitales-para-el-14-de-febrero/ https://hablandoclaro.pe/entretenimiento/dia-de-san-valentin-herramientas-digitales-para-el-14-de-febrero
    Redirect 301 /nuevos-retos-de-ciberseguridad-para-las-empresas/ https://hablandoclaro.pe/negocios/nuevos-retos-de-ciberseguridad-para-las-empresas
    Redirect 301 /probando-el-huawei-mate-20-pro/ https://hablandoclaro.pe/entretenimiento/probando-el-huawei-mate-20-pro
    Redirect 301 /en-vivo-mira-aqui-el-unpacked-del-nuevo-samsung-galaxy-s10/ https://hablandoclaro.pe/entretenimiento/en-vivo-mira-aqui-el-unpacked-del-nuevo-samsung-galaxy-s10
    Redirect 301 /el-boom-del-streaming/ https://hablandoclaro.pe/entretenimiento/el-boom-del-streaming
    Redirect 301 /servidores-virtuales-un-paso-mas-hacia-la-transformacion-digital/ https://hablandoclaro.pe/negocios/servidores-virtuales-un-paso-mas-hacia-la-transformacion-digital
    Redirect 301 /peru-conectado-con-la-cobertura-4g-de-claro/ https://hablandoclaro.pe/innovacion/peru-conectado-con-la-cobertura-4g-de-claro
    Redirect 301 /de-vuelta-a-clases-beneficios-de-internet-para-los-estudiantes/ https://hablandoclaro.pe/entretenimiento/de-vuelta-a-clases-beneficios-de-internet-para-los-estudiantes
    Redirect 301 /llegaron-los-samsung-galaxy-s10/ https://hablandoclaro.pe/innovacion/llegaron-los-samsung-galaxy-s10
    Redirect 301 /13-datos-curiosos-sobre-twitter/ https://hablandoclaro.pe/entretenimiento/13-datos-curiosos-sobre-twitter
    Redirect 301 /en-vivo-mira-aqui-el-lanzamiento-del-nuevo-huawei-p30-series/ https://hablandoclaro.pe/entretenimiento/en-vivo-mira-aqui-el-lanzamiento-del-nuevo-huawei-p30-series
    Redirect 301 /conectateconlanaturaleza-unamonos-todos-a-la-hora-del-planeta/ https://hablandoclaro.pe/compromiso/conectateconlanaturaleza-unamonos-todos-a-la-hora-del-planeta
    Redirect 301 /conectados-por-una-pasion-en-el-estadio-nacional/ https://hablandoclaro.pe/innovacion/conectados-por-una-pasion-en-el-estadio-nacional
    Redirect 301 /llegaron-los-huawei-p30/ https://hablandoclaro.pe/innovacion/llegaron-los-huawei-p30
    Redirect 301 /aliados-por-el-medio-ambiente/ https://hablandoclaro.pe/compromiso/sumando-aliados-por-el-medio-ambiente
    Redirect 301 /viaja-conectado-con-cobertura-internacional/ https://hablandoclaro.pe/entretenimiento/viaja-conectado-con-cobertura-internacional
    Redirect 301 /lo-mejor-del-google-i-o-2019/ https://hablandoclaro.pe/innovacion/lo-mejor-del-google-io-2019
    Redirect 301 /promoviendo-el-desarrollo-sostenible-del-peru/ https://hablandoclaro.pe/compromiso/promoviendo-el-desarrollo-sostenible-del-peru
    Redirect 301 /claro-es-reconocido-una-vez-mas-como-empresa-socialmente-responsable/ https://hablandoclaro.pe/compromiso/claro-es-reconocido-una-vez-mas-como-empresa-socialmente-responsable
    Redirect 301 /claro-realizo-pruebas-de-tecnologia-5g-el-futuro-esta-aqui/ https://hablandoclaro.pe/innovacion/claro-realizo-pruebas-de-tecnologia-5g-el-futuro-esta-aqui
    Redirect 301 /a-jugar-en-serio-ya-conoces-claro-gaming/ https://hablandoclaro.pe/entretenimiento/a-jugar-en-serio-ya-conoces-claro-gaming
    Redirect 301 /probando-el-samsung-galaxy-s10-plus/ https://hablandoclaro.pe/entretenimiento/probando-el-samsung-galaxy-s10-plus
    Redirect 301 /conectando-con-el-ambiente/ https://hablandoclaro.pe/compromiso/conectando-con-el-ambiente
    Redirect 301 /que-tan-buena-es-la-camara-del-huawei-p30-pro/ https://hablandoclaro.pe/entretenimiento/que-tan-buena-es-la-camara-del-huawei-p30-pro
    Redirect 301 /innovacion-en-claro-para-beneficio-de-sus-clientes/ https://hablandoclaro.pe/compromiso/innovacion-en-claro-para-beneficio-de-sus-clientes
    Redirect 301 /proteccion-movil-para-tu-tranquilidad/ https://hablandoclaro.pe/entretenimiento/proteccion-movil-para-tu-tranquilidad
    Redirect 301 /hacia-donde-se-dirige-la-innovacion-en-videojuegos/ https://hablandoclaro.pe/entretenimiento/hacia-donde-se-dirige-la-innovacion-en-videojuegos
    Redirect 301 /factura-electronica-otro-paso-para-la-transformacion-digital-de-tu-negocio/ https://hablandoclaro.pe/negocios/factura-electronica-otro-paso-para-la-transformacion-digital-de-tu-negocio
    Redirect 301 /lcd-oled-amoled-que-significa-que-tu-celular-tenga-una-de-estas-pantallas/ https://hablandoclaro.pe/entretenimiento/lcd-oled-amoled-que-significa-que-tu-celular-tenga-una-de-estas-pantallas
    Redirect 301 /como-funcionan-las-telecomunicaciones-en-casos-de-emergencia-y-desastre-natural/ https://hablandoclaro.pe/innovacion/como-funcionan-las-telecomunicaciones-en-casos-de-emergencia-y-desastre-natural
    Redirect 301 /que-herramientas-son-utiles-para-iniciar-la-digitalizacion-de-las-pymes-peruanas/ https://hablandoclaro.pe/innovacion/que-herramientas-son-utiles-para-iniciar-la-digitalizacion-de-las-pymes-peruanas
    Redirect 301 /mas-velocidad-y-mejor-experiencia-con-la-gigared-de-claro/ https://hablandoclaro.pe/innovacion/mas-velocidad-y-mejor-experiencia-con-la-gigared-de-claro
    Redirect 301 /que-son-libra-bitcoin-y-otras-criptomonedas/ https://hablandoclaro.pe/innovacion/que-son-las-criptomonedas-y-cuales-son-las-mas-populares
    Redirect 301 /que-retos-propone-la-era-digital-a-la-innovacion/ https://hablandoclaro.pe/innovacion/que-retos-propone-la-era-digital-a-la-innovacion
    Redirect 301 /no-mas-bolsas-plasticas-por-un-perulimpio/ https://hablandoclaro.pe/compromiso/no-mas-bolsas-plasticas-por-un-perulimpio
    Redirect 301 /quedarse-sin-megas-en-el-celular-ya-no-es-una-opcion-conoce-los-nuevos-planes-max-ilimitado/ https://hablandoclaro.pe/innovacion/quedarse-sin-megas-en-el-celular-ya-no-es-una-opcion-conoce-los-nuevos-planes-max-ilimitado
    Redirect 301 /conoce-que-esta-haciendo-claro-para-combatir-la-venta-ilegal-de-chips/ https://hablandoclaro.pe/innovacion/conoce-que-esta-haciendo-claro-para-combatir-la-venta-ilegal-de-chips
    Redirect 301 /por-que-se-celebra-hoy-el-dia-mundial-del-emoji-y-cuales-son-los-mas-usados/ https://hablandoclaro.pe/entretenimiento/por-que-se-celebra-hoy-el-dia-mundial-del-emoji-y-cuales-son-los-mas-usados
    Redirect 301 /mayor-conectividad-para-las-costas-del-pacifico-con-fibra-optica-submarina/ https://hablandoclaro.pe/innovacion/mayor-conectividad-para-las-costas-del-pacifico-con-fibra-optica-submarina
    Redirect 301 /5-claves-de-conectividad-para-tu-viaje-de-trabajo-en-el-extranjero/ https://hablandoclaro.pe/entretenimiento/5-claves-de-conectividad-para-tu-viaje-de-trabajo-en-el-extranjero
    Redirect 301 /el-rol-de-las-empresas-en-el-reciclaje-de-residuos-electronicos/ https://hablandoclaro.pe/compromiso/el-rol-de-las-empresas-en-el-reciclaje-de-residuos-electronicos
    Redirect 301 /sabes-que-son-los-deepfakes/ https://hablandoclaro.pe/innovacion/sabes-que-son-los-deepfakes
    Redirect 301 /prueba-estas-apps-y-cuida-el-planeta/ https://hablandoclaro.pe/compromiso/prueba-estas-apps-para-cuidar-el-planeta
    Redirect 301 /cuando-el-celular-te-ayuda-a-ser-mas-productivo-en-tu-dia-a-dia/ https://hablandoclaro.pe/entretenimiento/cuando-el-celular-te-ayuda-a-ser-mas-productivo-en-tu-dia-a-dia
    Redirect 301 /mas-invitados-internacionales-en-el-claro-masgamers-festival-2019/ https://hablandoclaro.pe/entretenimiento/mas-invitados-internacionales-en-el-claro-masgamers-festival-2019
    Redirect 301 /huawei-p30-pro-sunrise-celular-estilo/ https://hablandoclaro.pe/entretenimiento/llega-al-peru-el-huawei-p30-pro-sunrise-un-celular-con-estilo
    Redirect 301 /empezo-el-reciclafest-2019/ https://hablandoclaro.pe/compromiso/empezo-el-reciclafest-2019
    Redirect 301 /recicla-tus-residuos-electronicos-por-un-peru-sostenible/ https://hablandoclaro.pe/compromiso/recicla-tus-residuos-electronicos-por-un-peru-sostenible
    Redirect 301 /reciclafest-llega-a-huanuco/ https://hablandoclaro.pe/compromiso/reciclafest-llega-a-huanuco
    Redirect 301 /reciclafest-tambien-llega-a-piura/ https://hablandoclaro.pe/compromiso/reciclafest-llega-a-piura
    Redirect 301 /tres-herramientas-indispensables-para-la-innovacion-digital-de-las-pymes/ https://hablandoclaro.pe/negocios/tres-herramientas-indispensables-para-la-innovacion-digital-de-las-pymes
    Redirect 301 /claro-masgamers-festival-llego-a-su-fin-con-el-gran-campeon-de-la-claro-guardians-league/ https://hablandoclaro.pe/entretenimiento/claro-masgamers-festival-llego-a-su-fin-con-el-gran-campeon-de-la-claro-guardians-league
    Redirect 301 /reciclafest-llega-a-arequipa/ https://hablandoclaro.pe/compromiso/reciclafest-llega-a-arequipa
    Redirect 301 /ifa-2019-estas-son-las-novedades-mas-esperadas-de-la-feria-de-tecnologia/ https://hablandoclaro.pe/entretenimiento/ifa-2019-estas-son-las-novedades-mas-esperadas-de-la-feria-de-tecnologia
    Redirect 301 /como-comprar-juegos-en-google-play-store-desde-tu-celular/ https://hablandoclaro.pe/entretenimiento/como-comprar-juegos-en-google-play-store-desde-tu-celular
    Redirect 301 /consejos-y-herramientas-de-ciberseguridad-para-pymes/ https://hablandoclaro.pe/negocios/consejos-y-herramientas-de-ciberseguridad-para-pymes
    Redirect 301 /reciclafest-llega-a-huancayo/ https://hablandoclaro.pe/compromiso/reciclafest-llega-a-huancayo
    Redirect 301 /reciclafest-llega-a-lambayeque/ https://hablandoclaro.pe/compromiso/reciclafest-llega-a-lambayeque
    Redirect 301 /conoce-las-reglas-esenciales-para-navegar-seguro-en-internet/ https://hablandoclaro.pe/seguridad/conoce-las-reglas-esenciales-para-navegar-seguro-en-internet
    Redirect 301 /ifa-2019-revive-lo-mejor-de-la-feria-tecnologica-en-berlin/ https://hablandoclaro.pe/compromiso/ifa-2019-revive-lo-mejor-de-la-feria-tecnologica-en-berlin
    Redirect 301 /reciclafest-llega-a-cusco/ https://hablandoclaro.pe/compromiso/reciclafest-llega-a-cusco
    Redirect 301 /tendencias-tecnologicas-para-comenzar-el-2020-ahora/ https://hablandoclaro.pe/innovacion/tendencias-tecnologicas-para-comenzar-el-2020-ahora
    Redirect 301 /compra-con-impacto-para-proteger-el-planeta/ https://hablandoclaro.pe/compromiso/compra-con-impacto-para-proteger-el-planeta
    Redirect 301 /aliados-por-un-perulimpio/ https://hablandoclaro.pe/compromiso/aliados-por-un-perulimpio
    Redirect 301 /tech-desde-casa-peliculas-para-amantes-de-la-tecnologia/ https://hablandoclaro.pe/entretenimiento/tech-desde-casa-peliculas-para-amantes-de-la-tecnologia
    Redirect 301 /eres-freelance-estas-apps-seran-infalibles-en-tu-trabajo/ https://hablandoclaro.pe/entretenimiento/eres-freelance-estas-apps-seran-infalibles-en-tu-trabajo
    Redirect 301 /se-te-mojo-el-celular-expulsa-el-agua-de-tu-equipo-con-estas-apps/ https://hablandoclaro.pe/entretenimiento/se-te-mojo-el-celular-expulsa-el-agua-de-tu-equipo-con-estas-apps
    Redirect 301 /eres-investigador-o-tienes-una-propuesta-innovadora-en-salud-postula-a-los-xiii-premios-carlos-slim-en-salud/ https://hablandoclaro.pe/compromiso/eres-investigador-o-tienes-una-propuesta-innovadora-en-salud-postula-a-los-xiii-premios-carlos-slim-en-salud
    Redirect 301 /innovaciones-tecnologicas-que-veremos-en-tokio-2020/ https://hablandoclaro.pe/entretenimiento/innovaciones-tecnologicas-que-veremos-en-tokio-2020
    Redirect 301 /reciclafest-llega-a-moquegua/ https://hablandoclaro.pe/compromiso/reciclafest-llega-a-moquegua
    Redirect 301 /los-videojuegos-mas-esperados-al-cierre-del-2019/ https://hablandoclaro.pe/entretenimiento/los-videojuegos-mas-esperados-al-cierre-del-2019
    Redirect 301 /aprendiendo-a-reciclar-nuestros-residuos-electronicos/ https://hablandoclaro.pe/compromiso/aprendiendo-a-reciclar-nuestros-residuos-electronicos
    Redirect 301 /8-claves-para-elegir-el-mejor-smartphone-para-ti/ https://hablandoclaro.pe/entretenimiento/8-claves-para-elegir-el-mejor-smartphone-para-ti
    Redirect 301 /iot-soluciones-inteligentes-para-el-sector-energetico/ https://hablandoclaro.pe/negocios/iot-soluciones-inteligentes-para-el-sector-energetico
    Redirect 301 /cuatro-anos-llevando-calor-para-puno/ https://hablandoclaro.pe/compromiso/cuatro-anos-llevando-calor-para-puno
    Redirect 301 /5-plataformas-de-streaming-igual-de-buenas-que-netflix/ https://hablandoclaro.pe/entretenimiento/5-plataformas-de-streaming-igual-de-buenas-que-netflix
    Redirect 301 /agilidad-autogestion-y-conexion-con-el-cliente-asi-son-las-tiendas-de-experiencia/ https://hablandoclaro.pe/compromiso/agilidad-autogestion-y-conexion-con-el-cliente-asi-son-las-tiendas-de-experiencia
    Redirect 301 /el-imparable-crecimiento-de-los-esports/ https://hablandoclaro.pe/entretenimiento/el-imparable-crecimiento-de-los-esports
    Redirect 301 /los-smartphones-mas-seguros-en-el-mercado-peruano/ https://hablandoclaro.pe/entretenimiento/los-smartphones-mas-seguros-en-el-mercado-peruano
    Redirect 301 /5-caracteristicas-que-hacen-unico-al-iphone-11/ https://hablandoclaro.pe/entretenimiento/5-caracteristicas-que-hacen-unico-al-iphone-11
    Redirect 301 /vowifi-el-servicio-que-te-permite-llamar-en-lugares-con-baja-senal/ https://hablandoclaro.pe/entretenimiento/vowifi-el-servicio-que-te-permite-llamar-en-lugares-con-baja-senal
    Redirect 301 /premiosperusmart19-asi-se-vivio-el-reconocimiento-a-los-mejores-smartphones-del-ano/ https://hablandoclaro.pe/entretenimiento/premiosperusmart19-asi-se-vivio-el-reconocimiento-a-los-mejores-smartphones-del-ano
    Redirect 301 /mobile-gaming-estos-son-los-mejores-smartphones-para-jugar/ https://hablandoclaro.pe/entretenimiento/mobile-gaming-estos-son-los-mejores-smartphones-para-jugar
    Redirect 301 /asi-vivimos-la-final-de-la-claroguardiansleague-2019/ https://hablandoclaro.pe/entretenimiento/asi-vivimos-la-final-de-la-claroguardiansleague-2019
    Redirect 301 /inclusiondigital-tecnologia-y-educacion-para-adultos-mayores/ https://hablandoclaro.pe/compromiso/inclusiondigital-tecnologia-y-educacion-para-adultos-mayores
    Redirect 301 /shooting-del-bueno-y-motocicletas-por-los-aires-estos-son-los-juegos-gratuitos-para-ps-plus-en-diciembre/ https://hablandoclaro.pe/entretenimiento/shooting-del-bueno-y-motocicletas-por-los-aires-estos-son-los-juegos-gratuitos-para-ps-plus-en-diciembre
    Redirect 301 /ces2020-las-novedades-que-traera-la-feria-tecnologica-mas-grande-del-mundo/ https://hablandoclaro.pe/innovacion/ces2020-las-novedades-que-traera-la-feria-tecnologica-mas-grande-del-mundo
    Redirect 301 /gamers-celebraron-lo-mejor-de-claro-gaming-este-2019/ https://hablandoclaro.pe/entretenimiento/gamers-celebraron-lo-mejor-de-claro-gaming-este-2019
    Redirect 301 /ps4-estos-son-los-juegos-gratuitos-de-playstation-plus-para-enero-2020/ https://hablandoclaro.pe/entretenimiento/ps4-estos-son-los-juegos-gratuitos-de-playstation-plus-para-enero-2020
    Redirect 301 /cual-es-el-mejor-proveedor-de-internet-para-ver-netflix-en-peru/ https://hablandoclaro.pe/entretenimiento/cual-es-el-mejor-proveedor-de-internet-para-ver-netflix-en-peru
    Redirect 301 /disfruta-tu-verano-viajando-conectado/ https://hablandoclaro.pe/innovacion/disfruta-tu-verano-viajando-conectado
    Redirect 301 /ces2020-conoce-las-innovaciones-mas-destacas-de-la-feria-de-tecnologia/ https://hablandoclaro.pe/entretenimiento/ces2020-conoce-las-innovaciones-mas-destacas-de-la-feria-de-tecnologia
    Redirect 301 /optimiza-el-wifi-de-tu-casa-usando-tecnologia-mesh/ https://hablandoclaro.pe/innovacion/optimiza-el-wifi-de-tu-casa-usando-tecnologia-mesh
    Redirect 301 /5g-future-forum-hacia-el-desarrollo-de-las-redes-5g/ https://hablandoclaro.pe/innovacion/5g-future-forum-hacia-el-desarrollo-de-las-redes-5g
    Redirect 301 /los-mejores-tips-para-proteger-tu-smartphone-en-el-verano/ https://hablandoclaro.pe/entretenimiento/los-mejores-tips-para-proteger-tu-smartphone-en-el-verano
    Redirect 301 /recicla-2019-reconocimiento-a-las-empresas-comprometidas-con-el-ambiente/ https://hablandoclaro.pe/compromiso/recicla-2019-reconocimiento-a-las-empresas-comprometidas-con-el-ambiente
    Redirect 301 /ps4-the-sims-y-el-mejor-shooting-son-los-juegos-gratuitos-de-playstation-plus-para-febrero-2020/ https://hablandoclaro.pe/entretenimiento/ps4-the-sims-y-el-mejor-shooting-son-los-juegos-gratuitos-de-playstation-plus-para-febrero-2020
    Redirect 301 /asi-se-vivio-la-primera-transmision-de-tv-en-vivo-con-tecnologia-5g-en-peru/ https://hablandoclaro.pe/innovacion/asi-se-vivio-la-primera-transmision-de-tv-en-vivo-con-tecnologia-5g-en-peru
    Redirect 301 /en-cines-y-via-streaming-claro-video-y-su-apuesta-por-las-producciones-peruanas/ https://hablandoclaro.pe/entretenimiento/en-cines-y-via-streaming-claro-video-y-su-apuesta-por-las-producciones-peruanas
    Redirect 301 /5-formas-de-usar-internet-en-casa-para-aprender-mas-rapido/ https://hablandoclaro.pe/innovacion/5-formas-de-usar-internet-en-casa-para-aprender-mas-rapido
    Redirect 301 /sonic-es-uno-de-los-protagonistas-de-los-juegos-gratis-de-ps-plus-para-marzo-2020/ https://hablandoclaro.pe/entretenimiento/sonic-protagonista-de-los-juegos-gratis-de-ps-plus-para-marzo-2020
    Redirect 301 /historiasdeexito-transformando-residuos-en-oportunidades/ https://hablandoclaro.pe/compromiso/historiasdeexito-transformando-residuos-en-oportunidades
    Redirect 301 /coronavirus-que-tecnologias-se-estan-usando-para-combatir-el-covid-19/ https://hablandoclaro.pe/innovacion/coronavirus-que-tecnologias-se-estan-usando-para-combatir-el-covid-19
    Redirect 301 /operadoras-aconsejan-uso-responsable-de-redes-de-telecomunicaciones/ https://hablandoclaro.pe/compromiso/operadoras-aconsejan-uso-responsable-de-redes-de-telecomunicaciones
    Redirect 301 /entretenimiento-en-casa-fox-premium-y-canales-hd-sin-costo-en-claro-tv/ https://hablandoclaro.pe/innovacion/entretenimiento-en-casa-fox-premium-y-canales-hd-sin-costo-en-claro-tv-digital
    Redirect 301 /aprende-org-capacitacion-online-en-cursos-oficios-y-cuidado-de-la-salud/ https://hablandoclaro.pe/compromiso/aprendeorg-capacitacion-online-en-cursos-oficios-y-cuidado-de-la-salud
    Redirect 301 /5-herramientas-de-teletrabajo-y-educacion-online/ https://hablandoclaro.pe/innovacion/5-herramientas-de-teletrabajo-y-educacion-online
    Redirect 301 /estamos-contigo/ https://hablandoclaro.pe/compromiso/estamos-contigo
    Redirect 301 /teletrabajo-en-cuarentena-microsoft-teams-gratis-por-6-meses/ https://hablandoclaro.pe/negocios/teletrabajo-en-cuarentena-microsoft-teams-gratis-por-6-meses
    Redirect 301 /teleducacion-gratis-para-estudiantes-del-sistema-publico-aprendoencasa-pe/ https://hablandoclaro.pe/compromiso/teleducacion-gratis-para-estudiantes-del-sistema-publico-aprendoencasape
    Redirect 301 /playstation-plus-uncharted-4-es-uno-de-los-juegos-gratis-de-abril-2020/ https://hablandoclaro.pe/entretenimiento/playstation-plus-uncharted-4-es-uno-de-los-juegos-gratis-de-abril-2020
    Redirect 301 /vpn-inteligente-como-tener-una-conexion-segura-a-los-servidores-de-tu-organizacion-desde-casa/ https://hablandoclaro.pe/negocios/vpn-inteligente-como-tener-una-conexion-segura-a-los-servidores-de-tu-organizacion-desde-casa
    Redirect 301 /office-365-e1-gratis-por-6-meses-para-trabajar-desde-casa/ https://hablandoclaro.pe/negocios/office-365-e1-gratis-por-6-meses-para-trabajar-desde-casa
    Redirect 301 /que-buscan-los-peruanos-en-internet-durante-el-estado-de-emergencia/ https://hablandoclaro.pe/entretenimiento/que-buscan-los-peruanos-en-internet-durante-el-estado-de-emergencia
    Redirect 301 /twitter-esta-verificando-cuentas-de-expertos-de-la-salud/ https://hablandoclaro.pe/entretenimiento/twitter-esta-verificando-cuentas-de-expertos-de-la-salud
    Redirect 301 /seguridad-para-el-teletrabajo-llega-cisco-umbrella-gratis-y-por-dos-meses/ https://hablandoclaro.pe/negocios/seguridad-para-el-teletrabajo-llega-cisco-umbrella-gratis-y-por-dos-meses
    Redirect 301 /cursos-y-tutoriales-gratuitos-para-enfrentar-al-covid-19/ https://hablandoclaro.pe/compromiso/cursos-y-tutoriales-gratuitos-para-enfrentar-al-covid-19
    Redirect 301 /cloud-computing-relevancia-de-las-herramientas-en-la-nube/ https://hablandoclaro.pe/negocios/cloud-computing-relevancia-de-las-herramientas-en-la-nube
    Redirect 301 /fake-news-en-tiempos-de-coronavirus-redes-sociales-combaten-la-desinformacion/ https://hablandoclaro.pe/entretenimiento/fake-news-en-tiempos-de-coronavirus-redes-sociales-combaten-la-desinformacion
    Redirect 301 /alerta-nueva-modalidad-de-estafa-por-internet/ https://hablandoclaro.pe/seguridad/alerta-nueva-modalidad-de-estafa-por-internet
    Redirect 301 /dia-del-trabajador-mas-unidos-que-nunca/ https://hablandoclaro.pe/compromiso/dia-del-trabajador-mas-unidos-que-nunca
    Redirect 301 /ps4-estos-son-los-juegos-gratis-de-mayo-2020-de-ps-plus/ https://hablandoclaro.pe/entretenimiento/ps4-conoce-los-juegos-gratuitos-para-mayo-de-playstation-plus
    Redirect 301 /transformacion-digital-relevancia-de-las-plataformas-de-seguridad/ https://hablandoclaro.pe/negocios/transformacion-digital-relevancia-de-las-plataformas-de-seguridad
    Redirect 301 /dia-de-la-madre-encuentra-el-equipo-ideal-de-mama/ https://hablandoclaro.pe/entretenimiento/dia-de-la-madre-encuentra-el-equipo-ideal-de-mama
    Redirect 301 /tutorial-activa-tu-chip-claro/ https://hablandoclaro.pe/entretenimiento/tutorial-activa-tu-linea-movil-desde-casa
    Redirect 301 /kit-tienda-virtual-una-solucion-completa-para-vender-por-internet/ https://hablandoclaro.pe/negocios/kit-tienda-virtual-una-solucion-completa-para-vender-tus-productos-online
    Redirect 301 /por-cuarto-ano-consecutivo-claro-es-reconocida-como-empresa-socialmente-responsable/ https://hablandoclaro.pe/compromiso/por-cuarto-ano-consecutivo-claro-es-reconocida-como-empresa-socialmente-responsable
    Redirect 301 /google-meet-gratis-para-tu-empresa-durante-3-meses/ https://hablandoclaro.pe/negocios/google-meet-gratis-para-tu-empresa-durante-3-meses
    Redirect 301 /telecomunicaciones-en-peru-conectados-en-tiempos-de-coronavirus/ https://hablandoclaro.pe/compromiso/telecomunicaciones-en-peru-conectados-en-tiempos-de-coronavirus
    Redirect 301 /teletrabajo-relevancia-de-las-plataformas-de-colaboracion/ https://hablandoclaro.pe/negocios/teletrabajo-relevancia-de-las-plataformas-de-colaboracion
    Redirect 301 /5-apps-creadas-para-frenar-el-coronavirus/ https://hablandoclaro.pe/entretenimiento/5-apps-creadas-para-frenar-el-coronavirus
    Redirect 301 /el-rol-de-las-telcos-para-impulsar-la-transformacion-digital-de-las-empresas/ https://hablandoclaro.pe/negocios/el-rol-de-las-telcos-para-impulsar-la-transformacion-digital-de-las-empresas
    Redirect 301 /aprende-como-conectar-tu-apple-watch-sin-tener-tu-iphone-cerca/ https://hablandoclaro.pe/entretenimiento/aprende-como-conectar-tu-apple-watch-sin-tener-tu-iphone-cerca
    Redirect 301 /facebook-que-iniciativas-realiza-para-combatir-al-coronavirus/ https://hablandoclaro.pe/entretenimiento/facebook-que-iniciativas-realiza-para-combatir-al-coronavirus
    Redirect 301 /teletrabajo-y-teleeducacion-5-tips-para-mejorar-nuestra-productividad-en-casa/ https://hablandoclaro.pe/innovacion/teletrabajo-y-teleducacion-5-tips-para-mejorar-nuestra-productividad-en-casa
    Redirect 301 /dispositivos-de-conectividad-que-estan-impulsando-la-transformacion-digital-en-las-empresas/ https://hablandoclaro.pe/negocios/dispositivos-de-conectividad-que-estan-impulsando-la-transformacion-digital-en-las-empresas
    Redirect 301 /ps4-estos-son-los-juegos-gratis-para-playstation-plus-en-junio-2020/ https://hablandoclaro.pe/entretenimiento/ps4-estos-son-los-juegos-gratis-para-playstation-plus-en-junio-2020
    Redirect 301 /whatsapp-vs-covid-19-el-chatbot-contra-las-noticias-falsas/ https://hablandoclaro.pe/entretenimiento/whatsapp-vs-covid-19-el-chatbot-contra-las-noticias-falsas
    Redirect 301 /aplicaciones-y-plataformas-de-gestion-que-estan-impulsando-la-transformacion-digital-de-las-empresas/ https://hablandoclaro.pe/negocios/aplicaciones-y-plataformas-de-gestion-que-estan-impulsando-la-transformacion-digital-de-las-empresas
    Redirect 301 /como-fraccionar-mi-deuda-con-claro-sin-intereses/ https://hablandoclaro.pe/innovacion/como-fraccionar-mi-deuda-con-claro-sin-intereses
    Redirect 301 /transformacion-digital-relevancia-de-las-redes-privadas-virtuales-vpn/ https://hablandoclaro.pe/negocios/transformacion-digital-relevancia-de-las-redes-privadas-virtuales-vpn
    Redirect 301 /las-antenas-5g-no-propagan-el-coronavirus/ https://hablandoclaro.pe/seguridad/las-antenas-5g-no-propagan-el-coronavirus
    Redirect 301 /soluciones-digitales-de-teletrabajo-para-tu-empresa/ https://hablandoclaro.pe/entretenimiento/soluciones-digitales-de-teletrabajo-para-tu-empresa
    Redirect 301 /internet-fijo-operador-con-mejor-indice-de-satisfaccion-en-la-cuarentena/ https://hablandoclaro.pe/innovacion/internet-fijo-que-operador-tiene-el-mejor-indice-de-satisfaccion-durante-la-cuarentena
    Redirect 301 /discord-la-herramienta-de-comunicacion-favorita-de-los-gamers/ https://hablandoclaro.pe/entretenimiento/columna-discord-la-herramienta-de-comunicacion-favorita-de-los-gamers
    Redirect 301 /los-clientes-de-claro-podran-fraccionar-su-deuda-hasta-el-31-de-julio/ https://hablandoclaro.pe/innovacion/claro-anuncia-que-ampliara-el-plazo-para-fraccionar-la-deuda-de-sus-clientes-hasta-el-31-de-julio
    Redirect 301 /5-podcasts-de-tecnologia-e-innovacion-que-no-te-puedes-perder/ https://hablandoclaro.pe/entretenimiento/5-podcasts-de-tecnologia-e-innovacion-que-no-te-puedes-perder
    Redirect 301 /ps-plus-tres-juegos-gratuitos-en-julio/ https://hablandoclaro.pe/entretenimiento/ps-plus-cuales-son-los-tres-juegos-gratuitos-de-julio-2020
    Redirect 301 /teletrabajo-como-protegernos-de-los-ciberataques/ https://hablandoclaro.pe/negocios/teletrabajo-como-protegernos-de-los-ciberataques
    Redirect 301 /ejercicios-en-casa-5-apps-para-sudar-la-gota-gorda/ https://hablandoclaro.pe/negocios/ejercicios-en-casa-5-apps-para-sudar-la-gota-gorda
    Redirect 301 /claro-musica-y-caritas-lima-lanzan-la-cancion-canta-fuerte/ https://hablandoclaro.pe/compromiso/claro-musica-y-caritas-lima-lanzan-la-cancion-canta-fuerte
    Redirect 301 /twitch-la-plataforma-audiovisual-favorita-de-los-gamers/ https://hablandoclaro.pe/entretenimiento/columna-twitch-la-plataforma-audiovisual-favorita-de-los-gamers
    Redirect 301 /tiktok-for-business-asi-es-la-plataforma-de-negocios-de-la-app/ https://hablandoclaro.pe/negocios/tiktok-for-business-asi-es-la-plataforma-de-negocios-de-la-app
    Redirect 301 /cyber-days-2020-segunda-edicion/ https://hablandoclaro.pe/innovacion/comprodesdecasa-las-mejores-ofertas-en-la-segunda-edicion-de-los-cyber-days-2020
    Redirect 301 /4g-en-la-selva-la-red-dorsal-construida-por-claro-y-engie/ https://hablandoclaro.pe/innovacion/claro-y-engie-finalizan-proyecto-red-dorsal-que-llevara-servicios-4g-a-la-selva
    Redirect 301 /entrevista-premio-nacional-democracia-digital-2020/ https://hablandoclaro.pe/compromiso/entrevista-premio-nacional-democracia-digital-2020
    Redirect 301 /kit-tienda-virtual-impulsando-la-digitalizacion-de-las-mypes/ https://hablandoclaro.pe/negocios/kit-tienda-virtual-impulsando-la-digitalizacion-de-las-mypes
    Redirect 301 /la-construccion-de-viviendas-deberia-considerar-infraestructura-para-telecomunicaciones/ https://hablandoclaro.pe/innovacion/la-construccion-de-viviendas-deberia-considerar-infraestructura-para-telecomunicaciones
    Redirect 301 /juegos-gratis-de-playstation-plus-agosto-2020/ https://hablandoclaro.pe/entretenimiento/juegos-gratis-de-ps-plus-que-nos-trae-agosto-2020
    Redirect 301 /big-data-7-cursos-online-gratuitos/ https://hablandoclaro.pe/negocios/big-data-7-cursos-online-gratuitos-para-ser-un-experto
    Redirect 301 /circuit-stream-rooftop-estudio-digital-mas-innovador-del-pais/ https://hablandoclaro.pe/entretenimiento/circuit-stream-rooftop-el-estudio-digital-mas-innovador-del-pais
    Redirect 301 /como-cuidar-bateria-del-celular/ https://hablandoclaro.pe/entretenimiento/verdadomito-como-cuidar-la-bateria-de-tu-celular
    Redirect 301 /efy-21-mejores-empresas-para-jovenes-profesionales/ https://hablandoclaro.pe/entretenimiento/efy-estas-son-las-21-mejores-empresas-para-jovenes-profesionales-en-peru
    Redirect 301 /chevrolet-y-claro-presentan-primer-auto-conectado-peru/ https://hablandoclaro.pe/compromiso/chevrolet-y-claro-presentan-el-primer-auto-conectado-en-peru
    Redirect 301 /gamers-fest-evento-por-gamers-para-gamers-totalmente-digital/ https://hablandoclaro.pe/innovacion/gamers-fest-un-evento-por-gamers-y-para-gamers-100-digital
    Redirect 301 /street-fighter-v-juegos-gratis-playstation-plus-setiembre-2020/ https://hablandoclaro.pe/entretenimiento/street-fighter-v-en-los-juegos-gratis-de-playstation-plus-de-setiembre-2020
    Redirect 301 /instagram-lanza-reels-para-hacer-videos-tipo-tiktok/ https://hablandoclaro.pe/entretenimiento/asi-funcionan-los-reels-de-instagram
    Redirect 301 /claro-peru-15-anos-transformando-juntos/ https://hablandoclaro.pe/compromiso/claro-peru-15-anos-transformando-juntos
    Redirect 301 /phishing-que-es-y-como-evitar-ser-victima-de-estafa-virtual/ https://hablandoclaro.pe/seguridad/phishing-que-es-y-como-evitar-ser-victima-de-una-estafa-virtual
    Redirect 301 /columna-responsabilidad-social-para-reactivacion-economica/ https://hablandoclaro.pe/compromiso/columna-responsabilidad-social-para-la-reactivacion-economica
    Redirect 301 /cine-en-casa-que-peliculas-me-recomiendan-ver-en-setiembre/ https://hablandoclaro.pe/entretenimiento/cine-en-casa-que-peliculas-me-recomiendan-ver-en-setiembre
    Redirect 301 /machine-learning-7-cursos-gratuitos-para-saber-que-es-y-como-funciona/ https://hablandoclaro.pe/negocios/machine-learning-7-cursos-gratuitos-para-saber-que-es-y-como-funciona
    Redirect 301 /columna-fortaleciendo-democracia-desde-tecnologia/ https://hablandoclaro.pe/compromiso/columna-fortaleciendo-la-democracia-desde-la-tecnologia
    Redirect 301 /habla-social-media-lo-mejor-de-las-redes-sociales-para-este-mes/ https://hablandoclaro.pe/entretenimiento/hablasocialmedia-lo-mejor-de-las-redes-sociales-para-este-mes
    Redirect 301 /apps-de-delivery-en-cuanto-ha-crecido-su-uso-en-el-peru/ https://hablandoclaro.pe/entretenimiento/apps-de-delivery-cuanto-ha-crecido-su-uso-en-el-peru
    Redirect 301 /responsabilidad-compartida-clave-para-lograr-un-proceso-de-reciclaje-eficiente/ https://hablandoclaro.pe/compromiso/columna-responsabilidad-compartida-la-clave-para-lograr-un-proceso-de-reciclaje-eficiente
    Redirect 301 /teleducacion-entre-los-empleos-del-futuro-y-la-crisis-de-la-desigualdad/ https://hablandoclaro.pe/compromiso/columna-teleducacion-entre-los-empleos-del-futuro-y-la-crisis-de-la-desigualdad
    Redirect 301 /realidad-aumentada-y-realidad-virtual-que-son-y-en-que-diferencian/ https://hablandoclaro.pe/entretenimiento/realidad-aumentada-y-realidad-virtual-que-son-y-en-que-se-diferencian
    Redirect 301 /columna-salvaguardando-los-mares-la-importancia-de-nuestro-consumo-responsable/ https://hablandoclaro.pe/compromiso/columna-salvaguardando-los-mares-la-importancia-de-nuestro-consumo-responsable
    Redirect 301 /claro-peru-presenta-reporte-sostenibilidad-2019/ https://hablandoclaro.pe/compromiso/claro-peru-presenta-los-resultados-de-su-reporte-de-sostenibilidad-2019
    Redirect 301 /entre-carreras-y-vampiros-juegos-gratis-ps-plus-octubre-2020/ https://hablandoclaro.pe/entretenimiento/entre-carreras-y-vampiros-los-juegos-gratis-de-ps-plus-en-octubre-2020
    Redirect 301 /6-cursos-online-gratis-para-crear-propio-emprendimiento/ https://hablandoclaro.pe/negocios/6-cursos-online-gratis-para-crear-tu-propio-emprendimiento
    Redirect 301 /cine-en-casa-conoce-peliculas-que-llegan-a-claro-video-octubre/ https://hablandoclaro.pe/entretenimiento/cine-en-casa-estas-peliculas-llegan-a-claro-video-en-octubre
    Redirect 301 /reciclando-por-un-peru-mas-sostenible/ https://hablandoclaro.pe/compromiso/reciclando-por-un-peru-mas-sostenible
    Redirect 301 /columna-alianzas-por-un-planeta-mas-sostenible/ https://hablandoclaro.pe/compromiso/columna-alianzas-por-un-planeta-mas-sostenible
    Redirect 301 /columna-consumo-responsable-cuidando-planeta/ https://hablandoclaro.pe/compromiso/columna-consumo-responsable-cuidando-el-planeta
    Redirect 301 /habla-social-media-lo-ultimo-de-las-redes-sociales-en-octubre-2020/ https://hablandoclaro.pe/entretenimiento/hablasocialmedia-lo-ultimo-de-las-redes-sociales-en-octubre-2020
    Redirect 301 /columna-camino-hacia-un-peru-limpio/ https://hablandoclaro.pe/compromiso/columna-el-camino-hacia-un-peru-limpio
    Redirect 301 /columna-ahorro-de-energia-conectados-con-ambiente/ https://hablandoclaro.pe/compromiso/columna-ahorro-de-energia-conectados-con-el-ambiente
    Redirect 301 /como-usan-personas-en-pandemia-redes-sociales-2/ https://hablandoclaro.pe/entretenimiento/como-usan-las-personas-las-redes-sociales-durante-la-pandemia
    Redirect 301 /columna-consumo-responsable-un-mundo-mas-limpio-y-sostenible-depende-ti/ https://hablandoclaro.pe/entretenimiento/columna-consumo-responsable-un-mundo-mas-limpio-y-sostenible-depende-ti
    Redirect 301 /5-consejos-para-mantenerte-comunicado-en-situaciones-de-emergencia/ https://hablandoclaro.pe/abc-telecomunicaciones/5-consejos-para-mantenerte-comunicado-en-situaciones-de-emergencia
    Redirect 301 /como-mejorar-tu-perfil-en-linkedin/ https://hablandoclaro.pe/negocios/como-mejorar-tu-perfil-en-linkedin
    Redirect 301 /11-herramientas-para-optimizar-teletrabajo/ https://hablandoclaro.pe/negocios/11-herramientas-para-optimizar-el-teletrabajo
    Redirect 301 /tecnologia-cloud-10-beneficios-para-tu-empresa/ https://hablandoclaro.pe/negocios/tecnologia-cloud-10-beneficios-para-tu-empresa
    Redirect 301 /llegan-juegos-gratis-playstation-plus-y-una-muy-esperada-consola/ https://hablandoclaro.pe/entretenimiento/noviembre-llegan-los-juegos-gratis-del-mes-de-ps-plus-y-una-muy-esperada-consola
    Redirect 301 /como-hacer-un-video-cv-y-su-importancia/ https://hablandoclaro.pe/negocios/como-hacer-un-video-cv-y-su-importancia
    Redirect 301 /oro-plata-y-bronce-para-claro-en-los-effie-awards-2020/ https://hablandoclaro.pe/compromiso/oro-plata-y-bronce-para-claro-en-los-effie-awards-2020
    Redirect 301 /habla-social-media-lo-mejor-de-las-redes-sociales-en-noviembre-2020/ https://hablandoclaro.pe/entretenimiento/hablasocialmedia-lo-mejor-de-las-redes-sociales-en-noviembre-2020
    Redirect 301 /aprende-sobre-ciberseguridad-con-estos-cursos-online-gratuitos/ https://hablandoclaro.pe/negocios/aprende-sobre-ciberseguridad-con-estos-cursos-online-gratuitos
    Redirect 301 /call-of-duty-17-anos-del-fenomeno-mundial-que-no-se-detiene/ https://hablandoclaro.pe/entretenimiento/call-of-duty-17-anos-del-fenomeno-mundial-que-no-se-detiene
    Redirect 301 /america-movil-y-google-cloud-aliados-para-promover-la-digitalizacion-de-las-empresas/ https://hablandoclaro.pe/negocios/america-movil-y-google-cloud-aliados-para-promover-la-digitalizacion-de-las-empresas
    Redirect 301 /cine-en-casa-nuevas-peliculas-llegan-a-claro-video-en-noviembre/ https://hablandoclaro.pe/entretenimiento/cine-en-casa-nuevas-peliculas-llegan-a-claro-video-en-noviembre
    Redirect 301 /compra-con-impacto-con-estos-emprendimientos-sostenibles/ https://hablandoclaro.pe/compromiso/compra-con-impacto-con-estos-emprendimientos-sostenibles
    Redirect 301 /no-estas-sola/ https://hablandoclaro.pe/compromiso/no-estas-sola
    Redirect 301 /claro-gaming-masgamers-festival-2020-revolucionara-entretenimiento-digital/ https://hablandoclaro.pe/entretenimiento/claro-gaming-masgamers-festival-2020-revolucionara-el-entretenimiento-digital
    Redirect 301 /columna-ciberseguridad-cibercrimen-y-ciberdefensa-para-un-peru-digital/ https://hablandoclaro.pe/otros/columna-ciberseguridad-cibercrimen-y-ciberdefensa-para-un-perudigital
    Redirect 301 /columna-teletrabajo-riesgos-y-cuidados-de-privacidad-y-seguridad-online/ https://hablandoclaro.pe/negocios/columna-teletrabajo-riesgos-y-cuidados-de-tu-privacidad-y-seguridad-online
    Redirect 301 /estos-son-juegos-gratis-playstation-plus-diciembre-2020/ https://hablandoclaro.pe/entretenimiento/estos-son-los-juegos-gratis-de-playstation-plus-en-diciembre-2020
    Redirect 301 /telecomunicaciones-claro-lidera-portabilidad-movil-acumulada-en-peru-a-setiembre-2020/ https://hablandoclaro.pe/innovacion/telecomunicaciones-claro-lidera-portabilidad-movil-acumulada-en-peru-a-septiembre-2020
    Redirect 301 /premios-perusmart-2020-estos-smartphones-compiten-por-ser-el-mejor-del-ano/ https://hablandoclaro.pe/entretenimiento/premiosperusmart2020-estos-smartphones-compiten-por-ser-el-mejor-del-ano
    Redirect 301 /tendencia-online-como-ha-crecido-comercio-electronico-durante-pandemia/ https://hablandoclaro.pe/negocios/tendencia-online-como-ha-crecido-el-comercio-electronico-durante-la-pandemia
    Redirect 301 /claro-reconocida-por-proteger-a-sus-colaboradores-durante-pandemia/ https://hablandoclaro.pe/compromiso/lideres-del-cambio-claro-reconocida-por-proteger-a-sus-colaboradores-durante-la-pandemia
    Redirect 301 /6-claves-para-elegir-smartphone-que-necesitas/ https://hablandoclaro.pe/entretenimiento/6-claves-para-elegir-el-smartphone-que-necesitas
    Redirect 301 /cine-en-casa-estas-son-peliculas-de-estreno-de-claro-video-para-diciembre/ https://hablandoclaro.pe/entretenimiento/cine-en-casa-estas-son-las-peliculas-de-estreno-de-claro-video-para-diciembre
    Redirect 301 /habla-socia-media-lo-mejor-de-redes-sociales-diciembre-2020/ https://hablandoclaro.pe/entretenimiento/hablasocialmedia-lo-mejor-de-las-redes-sociales-en-diciembre-2020
    Redirect 301 /premios-perusmart-2020-estos-son-mejores-smartphones-del-ano-elegidos-por-usuarios/ https://hablandoclaro.pe/entretenimiento/premiosperusmart2020-estos-son-los-mejores-smartphones-del-ano-elegidos-por-los-usuarios
    Redirect 301 /claro-brinda-mensaje-texto-sin-costo-en-arequipa/ https://hablandoclaro.pe/compromiso/claro-brinda-mensajes-de-texto-sin-costo-en-arequipa
    Redirect 301 /cuales-son-los-dispositivos-mas-usados-para-conectarse-a-internet/ https://hablandoclaro.pe/entretenimiento/cuales-son-los-dispositivos-mas-usados-para-conectarse-a-internet
    Redirect 301 /llego-iphone-12-claro-anuncia-su-lanzamiento-en-una-gran-variedad-de-colores/ https://hablandoclaro.pe/entretenimiento/llego-el-iphone-12-claro-anuncia-su-lanzamiento-en-una-gran-variedad-de-colores
    Redirect 301 /internet-de-las-cosas-5-cursos-online-gratis-que-puedes-tomar-ahora-mismo/ https://hablandoclaro.pe/negocios/internet-de-las-cosas-5-cursos-online-gratis-que-puedes-tomar-ahora-mismo
    Redirect 301 /disfruta-la-navidad-y-ano-nuevo-conectado-con-estas-apps/ https://hablandoclaro.pe/entretenimiento/disfruta-la-navidad-y-el-ano-nuevo-conectado-con-estas-apps
    Redirect 301 /esto-fue-lo-mas-buscado-en-google-en-2020/ https://hablandoclaro.pe/entretenimiento/esto-fue-lo-mas-buscado-en-google-en-2020
    Redirect 301 /telemedicina-que-es-y-como-funciona/ https://hablandoclaro.pe/innovacion/telemedicina-que-es-y-como-funciona
    Redirect 301 /playstation-plus-cuales-son-primeros-juegos-gratis-2021/ https://hablandoclaro.pe/entretenimiento/playstation-plus-cuales-son-los-primeros-juegos-gratis-de-2021
    Redirect 301 /10-apps-para-que-ninos-sigan-aprendiendo-en-vacaciones/ https://hablandoclaro.pe/entretenimiento/10-apps-para-que-los-ninos-sigan-aprendiendo-en-vacaciones
    Redirect 301 /7-tendencias-tecnologicas-que-marcaran-el-2021/ https://hablandoclaro.pe/innovacion/7-tendencias-tecnologicas-que-marcaran-el-2021
    Redirect 301 /ces-2021-evento-tecnologico-mas-importante-del-mundo-esta-de-regreso/ https://hablandoclaro.pe/entretenimiento/ces-2021-el-evento-tecnologico-mas-importante-del-mundo-esta-de-regreso
    Redirect 301 /coronavirus-4-apps-para-cuidado-de-tu-salud/ https://hablandoclaro.pe/entretenimiento/coronavirus-4-apps-para-el-cuidado-de-tu-salud
    Redirect 301 /whatsapp-compras-y-redes-sociales-asi-usan-peruanos-celulares/ https://hablandoclaro.pe/entretenimiento/whatsapp-compras-y-redes-sociales-asi-usan-los-peruanos-sus-celulares
    Redirect 301 /como-ser-mas-productivo-haciendo-teletrabajo-sigue-estas-5-recomendaciones/ https://hablandoclaro.pe/innovacion/como-ser-mas-productivo-haciendo-teletrabajo-sigue-estas-5-recomendaciones
    Redirect 301 /columna-champions-of-verdansk-asi-se-vivio-nuestro-torneo-de-call-of-duty-warzone/ https://hablandoclaro.pe/entretenimiento/columna-champions-of-verdansk-asi-se-vivio-nuestro-torneo-de-call-of-duty-warzone
    Redirect 301 /cine-en-casa-en-busca-de-la-felicidad-y-estas-peliculas-son-los-estrenos-de-claro-video-en-enero-2021/ https://hablandoclaro.pe/entretenimiento/cine-en-casa-en-busca-de-la-felicidad-y-estas-peliculas-son-los-estrenos-de-claro-video-en-enero-2021
    Redirect 301 /entrepreneurs-organization-premiara-a-estudiantesemprendedores/ https://hablandoclaro.pe/innovacion/entrepreneurs-organization-premiara-a-estudiantes-emprendedores
    Redirect 301 /vishing-y-otras-ciberamenazas-a-combatir-en-2021/ https://hablandoclaro.pe/seguridad/vishing-y-otras-ciberamenazas-a-combatir-en-el-2021
    Redirect 301 /habla-social-media-que-nos-traen-redes-sociales-para-inicio-del-2021/ https://hablandoclaro.pe/entretenimiento/hablasocialmedia-que-nos-traen-las-redes-sociales-para-el-inicio-del-2021
    Redirect 301 /ces-2021-estas-son-innovaciones-mas-destacadas-de-feria-tecnologica/ https://hablandoclaro.pe/entretenimiento/ces-2021-estas-son-las-innovaciones-mas-destacadas-de-la-feria-tecnologica
    Redirect 301 /teletrabajo-realidades-retos-y-tendencias-para-2021/ https://hablandoclaro.pe/negocios/teletrabajo-realidades-retos-y-tendencias-para-el-2021
    Redirect 301 /asistentes-virtuales-ques-son-como-funcionan-y-como-han-evolucionado/ https://hablandoclaro.pe/entretenimiento/asistentes-virtuales-que-son-como-funcionan-y-como-han-evolucionado
    Redirect 301 /luteach-una-plataforma-de-estudiantes-para-estudiantes/ https://hablandoclaro.pe/compromiso/luteach-una-plataforma-de-estudiantes-para-estudiantes
    Redirect 301 /aprendiendo-en-linea-10-cursos-gratuitos-online-para-emprendedores/ https://hablandoclaro.pe/negocios/aprendiendoenlinea-10-cursos-gratuitos-online-para-emprendedores
    Redirect 301 /fintech-que-es-como-funciona-y-cual-es-su-importancia/ https://hablandoclaro.pe/negocios/fintech-que-es-como-funciona-y-cual-es-su-importancia
    Redirect 301 /5-recomendaciones-para-reducir-tu-huella-de-carbono-y-proteger-planeta/ https://hablandoclaro.pe/compromiso/5-recomendaciones-para-reducir-tu-huella-de-carbono-y-proteger-al-planeta
    Redirect 301 /internet-descubre-preferencias-peruano-digital/ https://hablandoclaro.pe/entretenimiento/internet-descubre-las-preferencias-del-peruano-digital
    Redirect 301 /playstation-plus-juegos-gratis-ps4-y-ps5-febrero-2021/ https://hablandoclaro.pe/entretenimiento/playstation-plus-estos-son-los-juegos-gratis-de-ps4-y-ps5-para-febrero-2021
    Redirect 301 /claro-brinda-sms-sin-costo-para-usuarios-en-zonas-de-riesgo-nivel-extremo/ https://hablandoclaro.pe/compromiso/claro-brinda-sms-sin-costo-para-usuarios-en-zonas-de-riesgo-nivel-extremo
    Redirect 301 /nuevo-en-telegram-10-pasos-para-empezar-a-usar-la-app/ https://hablandoclaro.pe/entretenimiento/nuevo-en-telegram-10-pasos-para-empezar-a-usar-la-app
    Redirect 301 /estos-son-nuevos-paquetes-tiktok-de-claro/ https://hablandoclaro.pe/entretenimiento/estos-son-los-nuevos-paquetes-tiktok-de-claro
    Redirect 301 /columna-mirar-criticamente-tecnologia-como-habito-de-seguridad/ https://hablandoclaro.pe/otros/columna-mirar-criticamente-la-tecnologia-como-habito-de-seguridad
    Redirect 301 /ciberseguridad-8-recomendaciones-para-reducir-amenazas-internas-en-tu-empresa/ https://hablandoclaro.pe/negocios/ciberseguridad-8-recomendaciones-para-reducir-las-amenazas-internas-en-tu-empresa
    Redirect 301 /cine-en-casa-nuevas-peliculas-llegan-a-claro-video-en-febrero/ https://hablandoclaro.pe/entretenimiento/cine-en-casa-nuevas-peliculas-llegan-a-claro-video-en-febrero
    Redirect 301 /claro-seguira-brindando-sms-sin-costo-en-provincias-con-riesgo-extremo-por-covid-19/ https://hablandoclaro.pe/compromiso/claro-seguira-brindando-sms-sin-costo-en-provincias-con-riesgo-extremo-por-la-covid-19
    Redirect 301 /inteligencia-artificial-que-es-para-que-sirve-y-como-se-usa/ https://hablandoclaro.pe/negocios/aprendiendoenlinea-5-cursos-gratis-sobre-inteligencia-artificial
    Redirect 301 /habla-social-media-lo-nuevo-de-redes-sociales-febrero-2021/ https://hablandoclaro.pe/entretenimiento/hablasocialmedia-lo-nuevo-de-las-redes-sociales-en-febrero-2021
    Redirect 301 /plataformas-digitales-como-motor-de-productividad-de-negocios/ https://hablandoclaro.pe/negocios/las-plataformas-digitales-como-motor-de-la-productividad-de-los-negocios
    Redirect 301 /conferencia-web-empresas-herramientas-colaboracion-optimizar-teletrabajo/ https://hablandoclaro.pe/negocios/conferencia-web-empresas-herramientas-de-colaboracion-para-optimizar-el-teletrabajo
    Redirect 301 /growth-hacking-que-es-para-que-sirve-como-aplicarlo-startup/ https://hablandoclaro.pe/negocios/growth-hacking-que-es-para-que-sirve-y-como-aplicarlo-en-tu-startup
    Redirect 301 /conectados-y-seguros-conoce-canales-de-atencion-claro/ https://hablandoclaro.pe/compromiso/conectados-y-seguros-conoce-los-canales-de-atencion-de-claro
    Redirect 301 /un-ano-inicio-cuarentena-descubre-cuales-aplicaciones-utilizadas/ https://hablandoclaro.pe/entretenimiento/a-un-ano-del-inicio-de-la-cuarentena-descubre-cuales-son-las-aplicaciones-mas-utilizadas-en-peru
    Redirect 301 /playstation-plus-final-fantasy-en-entregas-gratis-marzo-2021/ https://hablandoclaro.pe/entretenimiento/playstation-plus-final-fantasy-en-las-entregas-gratis-de-marzo-2021
    Redirect 301 /historiasdeexito-generando-conciencia-ambiental-con-merch-sostenible/ https://hablandoclaro.pe/compromiso/historiasdeexito-generando-conciencia-ambiental-con-merch-sostenible
    Redirect 301 /columna-6-tips-usar-eficientemente-energia-hogares/ https://hablandoclaro.pe/compromiso/columna-6-tips-para-usar-eficientemente-la-energia-en-nuestros-hogares
    Redirect 301 /conoce-mujeres-peruanas-lideres-tecnologia-ciencia-innovacion/ https://hablandoclaro.pe/entretenimiento/conoce-a-estas-mujeres-peruanas-lideres-en-tecnologia-ciencia-e-innovacion
    Redirect 301 /claro-telxius-instalan-nuevo-cable-submarino-pacifico-mejorar-conectividad-peruanos/ https://hablandoclaro.pe/innovacion/claro-y-telxius-instalan-nuevo-cable-submarino-en-el-pacifico-para-mejorar-la-conectividad-de-millones-de-peruanos
    Redirect 301 /como-consumen-redes-sociales-peruanos/ https://hablandoclaro.pe/entretenimiento/como-consumen-los-peruanos-las-redes-sociales
    Redirect 301 /columna-plataformas-colaboracion-tiempos-teletrabajo/ https://hablandoclaro.pe/negocios/columna-plataformas-de-colaboracion-en-tiempos-de-teletrabajo
    Redirect 301 /peru-claro-5g-ya-es-una-realidad/ https://hablandoclaro.pe/innovacion/peru-claro-5g-ya-es-una-realidad
    Redirect 301 /hazla-en-casa-claro-se-suma-campana-digital-para-generar-conciencia-ambiental/ https://hablandoclaro.pe/compromiso/hazlaencasa-claro-se-suma-a-la-campana-digital-para-generar-conciencia
    Redirect 301 /columna-tendencias-mercado-smartphones-2021/ https://hablandoclaro.pe/entretenimiento/columna-tendencias-en-el-mercado-de-smartphones-para-este-2021
    Redirect 301 /habla-social-media-novedades-redes-sociales-marzo-2021/ https://hablandoclaro.pe/entretenimiento/hablasocialmedia-novedades-de-las-redes-sociales-en-marzo-2021
    Redirect 301 /conectate-con-la-naturaleza-desde-casa-sumemonos-a-la-hora-del-planeta/ https://hablandoclaro.pe/compromiso/conectateconlanaturaleza-desde-casa-sumemonos-a-la-hora-del-planeta
    Redirect 301 /la-hora-del-planeta-empresa-gobierno-ciudadania-comprometidos-con-el-planeta/ https://hablandoclaro.pe/compromiso/columna-la-hora-del-planeta-empresa-gobierno-y-ciudadania-comprometidos-con-el-planeta
    Redirect 301 /cine-en-casa-nuevas-peliculas-llegan-a-claro-video-en-marzo/ https://hablandoclaro.pe/entretenimiento/cine-en-casa-estas-peliculas-llegan-a-claro-video-en-marzo
    Redirect 301 /10-apps-destacaron-2020-que-debes-usar-este-ano/ https://hablandoclaro.pe/entretenimiento/10-apps-que-destacaron-en-2020-y-que-debes-usar-mas-este-ano
    Redirect 301 /aprendiendo-en-linea-10-cursos-online-negocios-tomar-fines-semana/ https://hablandoclaro.pe/negocios/aprendiendoenlinea-10-cursos-online-de-negocios-que-puedes-tomar-en-tus-fines-de-semana
    Redirect 301 /plataformas-teleducacion-aprendiendo-tiempos-pandemia/ https://hablandoclaro.pe/compromiso/plataformas-de-teleducacion-aprendiendo-en-tiempos-de-pandemia
    Redirect 301 /playstation-plus-descubre-juegos-gratis-abril-2021-ps4-ps5/ https://hablandoclaro.pe/entretenimiento/playstation-plus-descubre-los-juegos-gratis-de-abril-2021-para-ps4-y-ps5
    Redirect 301 /columna-telecomunicaciones-impulsando-acceso-servicios-salud/ https://hablandoclaro.pe/compromiso/columna-telecomunicaciones-impulsando-el-acceso-a-los-servicios-de-salud
    Redirect 301 /cine-en-casa-peliculas-abril-claro-video/ https://hablandoclaro.pe/entretenimiento/cine-en-casa-drama-y-ciencia-ficcion-en-las-peliculas-que-llegan-a-claro-video-en-abril
    Redirect 301 /protege-tu-informacion-4-claves-identificar-sitio-web-seguro/ https://hablandoclaro.pe/seguridad/protege-tu-informacion-4-claves-para-identificar-un-sitio-web-seguro
    Redirect 301 /low-code-para-que-sirve-caracteristicas/ https://hablandoclaro.pe/compromiso/gente-claro/low-code-para-que-sirve-y-cuales-son-sus-caracteristicas
    Redirect 301 /primeros-smartphones-5g-disponibles-claro/ https://hablandoclaro.pe/entretenimiento/conoce-los-primeros-smartphones-5g-disponibles-en-claro
    Redirect 301 /fullclaro-mas-velocidad-internet-fijo-y-datos-celular/ https://hablandoclaro.pe/innovacion/fullclaro-mas-velocidad-en-tu-internet-fijo-y-mas-datos-para-tu-celular-sin-pagar-un-sol-adicional
    Redirect 301 /columna-conectados-para-emprender/ https://hablandoclaro.pe/compromiso/columna-conectados-para-emprender
    Redirect 301 /habla-social-media-ultimo-redes-sociales-abril-2021/ https://hablandoclaro.pe/entretenimiento/hablasocialmedia-lo-ultimo-de-las-redes-sociales-en-abril-2021
    Redirect 301 /telecomunicaciones-sector-clave-cuidado-medioambiente/ https://hablandoclaro.pe/compromiso/telecomunicaciones-sector-clave-en-el-cuidado-del-medioambiente
    Redirect 301 /columna-rol-tecnologia-inclusion-ninas-tic/ https://hablandoclaro.pe/compromiso/columna-el-rol-de-la-tecnologia-en-la-inclusion-de-las-ninas-en-las-tic
    Redirect 301 /claro-gaming-car-megaproyecto-profesionalizar-esports-peru/ https://hablandoclaro.pe/entretenimiento/claro-gaming-car-el-megaproyecto-para-profesionalizar-los-esports-en-peru
    Redirect 301 /aprendiendo-en-linea-crear-e-commerce/ https://hablandoclaro.pe/negocios/aprendiendoenlinea-aprende-a-crear-un-e-commerce
    Redirect 301 /asi-funciona-clubhouse-red-social-con-mensajes-de-voz-efimeros/ https://hablandoclaro.pe/entretenimiento/asi-funciona-clubhouse-la-red-social-con-mensajes-de-voz-efimeros
    Redirect 301 /columna-seguridad-salud-trabajo-tiempos-covid-19/ https://hablandoclaro.pe/compromiso/columna-la-seguridad-y-salud-en-el-trabajo-en-tiempos-de-covid-19
    Redirect 301 /tecnologia-cloud-10-beneficios-almacenamiento-nube/ https://hablandoclaro.pe/negocios/tecnologia-cloud-10-beneficios-del-almacenamiento-en-la-nube
    Redirect 301 /ciberacoso-importancia-control-parental-navegacion-segura-ninos/ https://hablandoclaro.pe/compromiso/columna-ciberacoso-la-importancia-del-control-parental-para-garantizar-una-navegacion-segura-para-los-ninos-y-ninas
    Redirect 301 /entrevista-medidas-claro-peru-proteger-a-trabajadores/ https://hablandoclaro.pe/compromiso/entrevista-dia-del-trabajo-conoce-las-medidas-que-tomo-claro-peru-para-proteger-a-su-equipo
    Redirect 301 /chatbots-importancia-atencion-cliente/ https://hablandoclaro.pe/negocios/los-chatbots-y-su-importancia-en-la-atencion-al-cliente
    Redirect 301 /juegos-gratis-playstation-plus-mayo-2021/ https://hablandoclaro.pe/entretenimiento/gaming/estos-son-los-juegos-gratis-de-playstation-plus-para-mayo-2021
    Redirect 301 /internet-gratis-alta-velocidad-291-localidades-region-lima/ https://hablandoclaro.pe/innovacion/novedades-claro/claro-internet-gratis-y-de-alta-velocidad-para-291-localidades-de-la-region-lima
    Redirect 301 /habla-app-20-apps-tener-smartphone/ https://hablandoclaro.pe/entretenimiento/apps/hablaapp-20-apps-que-debes-tener-en-tu-smartphone
    Redirect 301 /dia-de-la-madre-5-consejos-encontrar-celular-ideal-mama/ https://hablandoclaro.pe/entretenimiento/smartphones/dia-de-la-madre-5-consejos-para-encontrar-el-celular-ideal-para-mama
    Redirect 301 /clarotv-nueva-forma-ver-television/ https://hablandoclaro.pe/innovacion/novedades-claro/clarotv-la-nueva-forma-de-ver-television-ya-es-una-realidad
    Redirect 301 /cine-en-casa-wonder-woman-1984-peliculas-claro-video-mayo/ https://hablandoclaro.pe/entretenimiento/streaming/cine-en-casa-wonder-woman-1984-entre-las-peliculas-que-llegan-a-claro-video-en-mayo
    Redirect 301 /aprendiendo-en-linea-5-cursos-online-gratuitos-finanzas-mypes/ https://hablandoclaro.pe/negocios/empresas/aprendiendoenlinea-5-cursos-online-gratuitos-sobre-finanzas-para-mypes
    Redirect 301 /telecomunicaciones-conectados-teletrabajo-teleducacion-telesalud-entretenimiento-digital/ https://hablandoclaro.pe/innovacion/novedades-claro/telecomunicaciones-conectados-para-el-teletrabajo-la-teleducacion-la-telesalud-y-el-entretenimiento-digital
    Redirect 301 /columna-greendeal-economia-circular-residuos-aparatos-electronicos/ https://hablandoclaro.pe/compromiso/sostenibilidad/columna-greendeal-impulsando-la-economia-circular-en-los-residuos-de-aparatos-electronicos
    Redirect 301 /columna-telecomunicaciones-caminos-esperanza/ https://hablandoclaro.pe/compromiso/sostenibilidad/columna-telecomunicaciones-los-caminos-de-la-esperanza
    Redirect 301 /habla-social-media-redes-sociales-mayo-2021/ https://hablandoclaro.pe/entretenimiento/apps/hablasocialmedia-lo-nuevo-de-las-redes-sociales-para-mayo-2021
    Redirect 301 /plataformas-de-autoatencion-claro-realiza-tus-operaciones-de-forma-rapida-segura-y-sencilla/ https://hablandoclaro.pe/innovacion/plataformas-de-autoatencion-claro-realiza-tus-operaciones-de-forma-rapida-segura-y-sencilla
    Redirect 301 /columna-ciudad-saludable-impacto-social-ambiental-reciclaje-formalizado/ https://hablandoclaro.pe/compromiso/columna-ciudad-saludable-el-impacto-social-y-ambiental-del-reciclaje-formalizado
    Redirect 301 /claro-gaming-squad-cup-valorant/ https://hablandoclaro.pe/innovacion/claro-gaming-squad-cup-valorant-protagonista-de-la-segunda-edicion-del-torneo
    Redirect 301 /playstation-plus-juegos-gratis-junio-2021/ https://hablandoclaro.pe/innovacion/playstation-plus-cuales-son-los-juegos-gratis-de-junio-2021
    Redirect 301 /columna-bicicleta-movilidad-sostenible/ https://hablandoclaro.pe/compromiso/columna-la-bicicleta-como-movilidad-sostenible-gestionando-nuestras-emisiones-para-proteger-el-ambiente
    Redirect 301 /movilidad-sostenible-bicicleta-transporte-proteger-salud-ambiente/ https://hablandoclaro.pe/compromiso/movilidad-sostenible-la-bicicleta-y-otros-medios-de-transporte-para-proteger-tu-salud-y-el-ambiente
    Redirect 301 /columna-telecomunicaciones-energias-renovables/ https://hablandoclaro.pe/innovacion/columna-renovando-el-equipo-telecomunicaciones-operando-con-energias-renovables
    Redirect 301 /habla-app-10-apps-gratuitas-para-editar-videos-desde-el-celular-y-subir-a-tus-redes-sociales/ https://hablandoclaro.pe/innovacion/hablaapp-10-apps-gratuitas-para-editar-videos-desde-el-celular-y-subirlos-a-tus-redes-sociales
    Redirect 301 /aprendiendo-en-linea-6-cursos-gratis-para-formarte-en-ciberseguridad/ https://hablandoclaro.pe/seguridad/aprendiendoenlinea-6-cursos-gratis-para-formarte-en-ciberseguridad
    Redirect 301 /cine-en-casa-estas-son-las-peliculas-de-estreno-de-claro-video-junio-2021/ https://hablandoclaro.pe/innovacion/cine-en-casa-estas-son-las-peliculas-de-estreno-de-claro-video-en-junio-2021
    Redirect 301 /habla-social-media-novedades-de-las-redes-sociales-en-junio-2021/ https://hablandoclaro.pe/innovacion/hablasocialmedia-novedades-de-las-redes-sociales-en-junio-2021
    Redirect 301 /5-consejos-para-el-exito-digital-de-tu-emprendimiento/ https://hablandoclaro.pe/innovacion/5-consejos-para-el-exito-digital-de-tu-emprendimiento
    Redirect 301 /liga-contra-el-cancer-como-participar-de-la-colecta-publica-nacional-2021/ https://hablandoclaro.pe/compromiso/liga-contra-el-cancer-como-participar-de-la-colecta-publica-nacional-2021
    Redirect 301 /consejos-para-encontrar-el-mejor-celular-para-papa/ https://hablandoclaro.pe/innovacion/consejos-para-encontrar-el-mejor-celular-para-papa
    Redirect 301 /participa-premio-nacional-democracia-digital-2021/ https://hablandoclaro.pe/compromiso/participa-del-premio-nacional-democracia-digital-2021
    Redirect 301 /teleducacion-8-consejos-estudiar-en-linea/ https://hablandoclaro.pe/innovacion/teleducacion-8-consejos-para-estudiar-mejor-en-linea
    Redirect 301 /columna-transformacion-digital-productiva-desarrollo-peru/ https://hablandoclaro.pe/innovacion/columna-la-transformacion-digital-productiva-para-el-desarrollo-del-peru
    Redirect 301 /redes-sociales-surgieron-evolucionado/ https://hablandoclaro.pe/innovacion/redes-sociales-como-surgieron-y-como-han-evolucionado
    Redirect 301 /call-of-duty-juegos-gratis-playstation/ https://hablandoclaro.pe/entretenimiento/call-of-duty-en-los-juegos-gratis-de-playstation-plus-para-julio-2021
    Redirect 301 /20-apps-gratuitas-viajar-bicentenario/ https://hablandoclaro.pe/innovacion/hablaapp-20-apps-gratuitas-para-viajar-en-el-bicentenario-del-peru
    Redirect 301 /vive-tokyo-2020-desde-celular/ https://hablandoclaro.pe/innovacion/vive-los-juegos-olimpicos-tokyo-2020-desde-tu-celular-con-marca-claro-y-claro-sports
    Redirect 301 /redes-sociales-toman-medidas-para-frenar-la-violencia-de-genero-en-linea/ https://hablandoclaro.pe/seguridad/redes-sociales-toman-medidas-para-frenar-la-violencia-de-genero-en-linea
    Redirect 301 /distintivo-esr-peru-2021/ https://hablandoclaro.pe/compromiso/distintivo-esr-peru-2021-reconocio-a-empresas-socialmente-responsables
    Redirect 301 /emojis-populares-2021/ https://hablandoclaro.pe/innovacion/cuales-usas-tu-estos-son-10-los-emojis-mas-populares-en-el-2021
    Redirect 301 /aprendiendoenlinea-6-cursos-gratis-para-vender-en-redes-sociales/ https://hablandoclaro.pe/negocios/aprendiendoenlinea-6-cursos-gratis-para-vender-en-redes-sociales
    Redirect 301 /peliculas-claro-video-fiestas-patrias/ https://hablandoclaro.pe/entretenimiento/cine-en-casa-peliculas-peruanisimas-en-claro-video-para-disfrutar-fiestas-patrias
    Redirect 301 /redes-sociales-julio-2021/ https://hablandoclaro.pe/entretenimiento/hablasocialmedia-lo-ultimo-de-las-redes-sociales-para-julio-2021
    Redirect 301 /claro-le-regala-al-peru-una-cancion-por-el-bicentenario-de-su-independencia/ https://hablandoclaro.pe/compromiso/claro-le-regala-al-peru-una-cancion-por-el-bicentenario-de-su-independencia
    Redirect 301 /america-movil-anuncia-el-lanzamiento-del-star-one-d2/ https://hablandoclaro.pe/compromiso/america-movil-anuncia-el-lanzamiento-del-star-one-d2
    Redirect 301 /playstation-plus-conoce-los-juegos-gratis-para-ps4-y-ps5-en-agosto-2021/ https://hablandoclaro.pe/entretenimiento/gaming/playstation-plus-conoce-los-juegos-gratis-para-ps4-y-ps5-en-agosto-2021
    Redirect 301 /america-movil-anuncia-el-lanzamiento-del-star-one-d2/ https://hablandoclaro.pe/innovacion/america-movil-anuncia-el-lanzamiento-del-star-one-d2
    Redirect 301 /playstation-plus-los-juegos-de-descarga-gratis-para-ps4-y-ps5-en-setiembre/ https://hablandoclaro.pe/entretenimiento/gaming/playstation-plus-los-juegos-de-descarga-gratis-para-ps4-y-ps5-en-septiembre
    Redirect 301 /cable-submarino-del-pacifico-mejor-conectividad-para-millones-de-peruanos/ https://hablandoclaro.pe/innovacion/cable-submarino-del-pacifico-mejor-conectividad-para-millones-de-peruanos
    Redirect 301 /asi-se-reciclan-los-aparatos-electricos-y-electronicos-en-desuso/ https://hablandoclaro.pe/compromiso/asi-se-reciclan-los-aparatos-electricos-y-electronicos-en-desuso
    Redirect 301 /covid-19-claro-brinda-descuento-de-hasta-s-200-a-vacunados-en-compra-de-equipos-seleccionados/ https://hablandoclaro.pe/compromiso/covid-19-claro-brinda-descuento-de-hasta-s200-a-vacunados-en-compra-de-equipos-seleccionados
    Redirect 301 /fundas-para-dedos-gamers-te-contamos-todo-sobre-este-accesorio/ https://hablandoclaro.pe/entretenimiento/gaming/fundas-para-dedos-gamers-te-contamos-todo-sobre-este-accesorio
    Redirect 301 /cine-en-casa-no-acabes-el-mes-sin-ver-los-estrenos-de-claro-video/ https://hablandoclaro.pe/innovacion/cine-en-casa-no-acabes-el-mes-sin-ver-los-estrenos-de-claro-video
    Redirect 301 /hablasocialmedia-linkedin-le-dice-adios-a-sus-stories/ https://hablandoclaro.pe/innovacion/hablasocialmedia-linkedin-le-dice-adios-a-sus-stories

</IfModule>
